market,candle_date_time_utc,candle_date_time_kst,opening_price_upbit,high_price_upbit,low_price_upbit,trade_price_upbit,timestamp,candle_acc_trade_price_upbit,candle_acc_trade_volume_upbit,unit_upbit,source_upbit,source_binance,candle_date_time_utc_x,opening_price_binance,high_price_binance,low_price_binance,trade_price_binance,candle_acc_trade_price_binance,candle_acc_trade_volume_binance
BTC/USDT,2024-11-30T14:15:00,2024-11-30T23:15:00,96560.51873198849,96560.51873198849,96539.62536023057,96540.34582132564,1732976399673,816297618.86672,6.0916883,5,Upbit,Binance,2024-11-30 10:15:00,96774.3,96774.31,96500.0,96500.0,10790996.1,111.72
NEO/USDT,2024-11-30T14:15:00,2024-11-30T23:15:00,15.770893371757923,15.785302593659942,15.763688760806916,15.785302593659942,1732976385821,27434618.9826745,1252.86228063,5,Upbit,Binance,2024-11-30 10:15:00,15.86,15.86,15.7,15.71,159172.32,10103.86
ETC/USDT,2024-11-30T14:15:00,2024-11-30T23:15:00,32.78097982708934,32.83861671469741,32.773775216138326,32.79538904899135,1732976398227,479553089.1862711,10533.06410723,5,Upbit,Binance,2024-11-30 10:15:00,33.04,33.04,32.73,32.75,363460.97,11066.04
QTUM/USDT,2024-11-30T14:15:00,2024-11-30T23:15:00,3.9048991354466858,3.925792507204611,3.9048991354466858,3.9157060518731983,1732976383515,20507837.88400864,3772.99556473,5,Upbit,Binance,2024-11-30 10:15:00,3.91,3.91,3.88,3.88,7628.72,1955.3
SNT/USDT,2024-11-30T14:15:00,2024-11-30T23:15:00,0.0451224783861671,0.0453530259365994,0.04507204610951,0.0452665706051873,1732976375067,58343217.32526648,930207.66960642,5,Upbit,Binance,2024-11-30 10:15:00,0.05,0.05,0.04,0.04,26666.24,591709.0
ETH/USDT,2024-11-30T14:15:00,2024-11-30T23:15:00,3680.835734870317,3680.835734870317,3678.6743515850144,3679.394812680115,1732976398956,523887432.57914,102.56487954,5,Upbit,Binance,2024-11-30 10:15:00,3685.62,3686.49,3670.0,3670.79,9380068.94,2552.0
XRP/USDT,2024-11-30T14:15:00,2024-11-30T23:15:00,1.8472622478386167,1.8674351585014408,1.845821325648415,1.8674351585014408,1732976400022,9365431839.7048,3633726.48837547,5,Upbit,Binance,2024-11-30 10:15:00,1.89,1.89,1.85,1.86,14831962.53,7940232.0
MTL/USDT,2024-11-30T14:15:00,2024-11-30T23:15:00,1.5252161383285303,1.5295389048991357,1.5252161383285303,1.5273775216138328,1732976390817,47792273.38880427,22538.72957097,5,Upbit,Binance,2024-11-30 10:15:00,1.53,1.53,1.52,1.52,3370.8,2214.4
STEEM/USDT,2024-11-30T14:15:00,2024-11-30T23:15:00,0.2651296829971181,0.2662103746397694,0.2651296829971181,0.2662103746397694,1732976399659,51422178.00725484,139647.07383836,5,Upbit,Binance,2024-11-30 10:15:00,0.27,0.27,0.27,0.27,4719.49,17725.9
XLM/USDT,2024-11-30T14:15:00,2024-11-30T23:15:00,0.5273054755043227,0.5288184438040345,0.5273054755043227,0.5281700288184438,1732976399621,1261802413.4561355,1721154.69817436,5,Upbit,Binance,2024-11-30 10:15:00,0.54,0.54,0.53,0.53,1578179.74,2961524.0
ARDR/USDT,2024-11-30T14:15:00,2024-11-30T23:15:00,0.1193083573487031,0.1196685878962535,0.1193083573487031,0.1195244956772334,1732976399936,10689793.84323362,64479.52376409,5,Upbit,Binance,2024-11-30 10:15:00,0.12,0.12,0.12,0.12,3761.26,30742.0
ARK/USDT,2024-11-30T14:15:00,2024-11-30T23:15:00,0.7226224783861671,0.723342939481268,0.7211815561959655,0.723342939481268,1732976399414,112632184.40871271,112233.77366218,5,Upbit,Binance,2024-11-30 10:15:00,0.73,0.73,0.72,0.72,21566.67,29936.0
LSK/USDT,2024-11-30T14:15:00,2024-11-30T23:15:00,1.2997118155619596,1.3018731988472625,1.2989913544668588,1.3018731988472625,1732976400020,27707997.12340169,15346.98636131,5,Upbit,Binance,2024-11-30 10:15:00,1.31,1.31,1.3,1.3,13215.18,10133.1
STORJ/USDT,2024-11-30T14:15:00,2024-11-30T23:15:00,0.6371037463976945,0.6412103746397695,0.6368876080691642,0.6385446685878963,1732976399824,154268089.64397857,173608.35293927,5,Upbit,Binance,2024-11-30 10:15:00,0.63,0.63,0.63,0.63,25506.7,40619.0
ADA/USDT,2024-11-30T14:15:00,2024-11-30T23:15:00,1.0828530259365994,1.0871757925072043,1.0828530259365994,1.0871757925072043,1732976392897,223863164.82357228,148648.37796696,5,Upbit,Binance,2024-11-30 10:15:00,1.1,1.1,1.08,1.08,3444098.86,3161804.5
POWR/USDT,2024-11-30T14:15:00,2024-11-30T23:15:00,0.3291066282420749,0.3291066282420749,0.328386167146974,0.3288904899135447,1732976398153,78282199.93303192,171542.44654207,5,Upbit,Binance,2024-11-30 10:15:00,0.33,0.33,0.32,0.32,18249.67,56210.0
ICX/USDT,2024-11-30T14:15:00,2024-11-30T23:15:00,0.228386167146974,0.2291066282420749,0.2276657060518732,0.2291066282420749,1732976381027,22848727.73174312,72002.59348478,5,Upbit,Binance,2024-11-30 10:15:00,0.23,0.23,0.23,0.23,6929.9,30513.5
EOS/USDT,2024-11-30T14:15:00,2024-11-30T23:15:00,0.956772334293948,0.962536023054755,0.9560518731988472,0.9596541786743517,1732976395258,113300359.60445295,85051.70969726,5,Upbit,Binance,2024-11-30 10:15:00,0.95,0.95,0.95,0.95,160472.07,168739.9
TRX/USDT,2024-11-30T14:15:00,2024-11-30T23:15:00,0.2060518731988472,0.2060518731988472,0.2053314121037464,0.2060518731988472,1732976391971,27426847.09420212,95942.24247688,5,Upbit,Binance,2024-11-30 10:15:00,0.21,0.21,0.2,0.2,646990.9,3156543.4
SC/USDT,2024-11-30T14:15:00,2024-11-30T23:15:00,0.0071469740634005,0.0071613832853025,0.0071455331412103,0.0071484149855907,1732976382456,32862177.94365801,3311946.51553216,5,Upbit,Binance,2024-11-30 10:15:00,0.01,0.01,0.01,0.01,9850.26,1379841.0
ZIL/USDT,2024-11-30T14:15:00,2024-11-30T23:15:00,0.0263688760806916,0.0264193083573487,0.0263256484149855,0.0264193083573487,1732976395336,12641513.17746006,345122.34622334,5,Upbit,Binance,2024-11-30 10:15:00,0.03,0.03,0.03,0.03,50763.3,1927183.1
ONT/USDT,2024-11-30T14:15:00,2024-11-30T23:15:00,0.2829971181556196,0.2837175792507204,0.2829971181556196,0.2836455331412104,1732976378382,2694264.34121599,6850.64651095,5,Upbit,Binance,2024-11-30 10:15:00,0.28,0.28,0.28,0.28,36758.26,129958.0
POLYX/USDT,2024-11-30T14:15:00,2024-11-30T23:15:00,0.3762247838616715,0.3773054755043228,0.3760806916426513,0.3772334293948127,1732976383098,42515432.22624619,81267.69725209,5,Upbit,Binance,2024-11-30 10:15:00,0.38,0.38,0.37,0.37,45616.62,121846.3
ZRX/USDT,2024-11-30T14:15:00,2024-11-30T23:15:00,0.5871037463976945,0.5886887608069165,0.5859510086455331,0.5886887608069165,1732976398816,76921536.09203582,94363.33065102,5,Upbit,Binance,2024-11-30 10:15:00,0.58,0.58,0.58,0.58,43609.11,75618.0
BAT/USDT,2024-11-30T14:15:00,2024-11-30T23:15:00,0.3215417867435158,0.3219020172910662,0.3205331412103746,0.3219020172910662,1732976384113,26961134.29341876,60396.80945526,5,Upbit,Binance,2024-11-30 10:15:00,0.32,0.32,0.32,0.32,19408.36,61302.0
BCH/USDT,2024-11-30T14:15:00,2024-11-30T23:15:00,528.2420749279539,528.6743515850144,527.2334293948127,527.2334293948127,1732976398247,165125487.299105,225.39930522,5,Upbit,Binance,2024-11-30 10:15:00,529.0,531.0,525.3,525.4,833503.1,1577.92
IOST/USDT,2024-11-30T14:15:00,2024-11-30T23:15:00,0.0084726224783861,0.0084942363112391,0.0084582132564841,0.0084870317002881,1732976395356,31529178.63352282,2680506.9432006,5,Upbit,Binance,2024-11-30 10:15:00,0.01,0.01,0.01,0.01,34739.55,4239409.0
CVC/USDT,2024-11-30T14:15:00,2024-11-30T23:15:00,0.1690201729106628,0.1693083573487031,0.1686599423631123,0.1690201729106628,1732976363201,22993720.86300486,98004.46096235,5,Upbit,Binance,2024-11-30 10:15:00,0.17,0.17,0.17,0.17,32946.87,195161.0
IQ/USDT,2024-11-30T14:15:00,2024-11-30T23:15:00,0.009200288184438,0.0092507204610951,0.009185878962536,0.009207492795389,1732976388090,147491347.10265195,11529392.07341548,5,Upbit,Binance,2024-11-30 10:15:00,0.01,0.01,0.01,0.01,6322.15,696153.0
IOTA/USDT,2024-11-30T14:15:00,2024-11-30T23:15:00,0.2792507204610951,0.2838616714697406,0.2791066282420749,0.2831412103746398,1732976395000,344266483.61409247,878472.10207956,5,Upbit,Binance,2024-11-30 10:15:00,0.27,0.27,0.27,0.27,91707.2,341835.0
HIFI/USDT,2024-11-30T14:15:00,2024-11-30T23:15:00,0.734149855907781,0.734149855907781,0.7327089337175793,0.734149855907781,1732976394077,6689516.66190975,6567.95224123,5,Upbit,Binance,2024-11-30 10:15:00,0.73,0.73,0.73,0.73,34427.32,47000.7
ONG/USDT,2024-11-30T14:15:00,2024-11-30T23:15:00,0.4384726224783862,0.4396974063400576,0.4384726224783862,0.4394812680115273,1732976396239,37192452.7742779,61048.97760971,5,Upbit,Binance,2024-11-30 10:15:00,0.44,0.44,0.44,0.44,15294.61,34918.0
GAS/USDT,2024-11-30T14:15:00,2024-11-30T23:15:00,6.085014409221902,6.104466858789626,6.084293948126801,6.104466858789626,1732976398005,96197291.896009,11372.12323827,5,Upbit,Binance,2024-11-30 10:15:00,6.14,6.15,6.09,6.09,14576.97,2381.2
ELF/USDT,2024-11-30T14:15:00,2024-11-30T23:15:00,0.5886167146974063,0.5886167146974063,0.5857348703170029,0.5871757925072046,1732976396284,117205097.32401936,143887.05326388,5,Upbit,Binance,2024-11-30 10:15:00,0.59,0.59,0.58,0.58,26084.0,44507.0
KNC/USDT,2024-11-30T14:15:00,2024-11-30T23:15:00,0.695028818443804,0.6963256484149856,0.6945244956772334,0.6945965417867436,1732976376053,41882339.3743786,43395.67945401,5,Upbit,Binance,2024-11-30 10:15:00,0.7,0.7,0.69,0.69,36441.42,52223.6
BSV/USDT,2024-11-30T14:15:00,2024-11-30T23:15:00,71.10951008645533,71.39769452449568,71.01585014409221,71.29682997118155,1732976371891,28908422.748133,292.23164473,5,Upbit,Binance,2024-11-30 10:15:00,72.16,72.18,71.48,71.48,128856.57,1794.4
TFUEL/USDT,2024-11-30T14:15:00,2024-11-30T23:15:00,0.0874639769452449,0.0886167146974063,0.0873919308357348,0.0878242074927953,1732976396733,232539220.70567653,1906736.23259155,5,Upbit,Binance,2024-11-30 10:15:00,0.08,0.08,0.08,0.08,51938.64,615686.0
THETA/USDT,2024-11-30T14:15:00,2024-11-30T23:15:00,2.728386167146974,2.7687319884726227,2.7269452449567724,2.7636887608069163,1732976398615,1040871585.4096308,272720.84538682,5,Upbit,Binance,2024-11-30 10:15:00,2.52,2.54,2.47,2.48,1026624.92,409700.7
QKC/USDT,2024-11-30T14:15:00,2024-11-30T23:15:00,0.0127809798270893,0.0128025936599423,0.0127737752161383,0.0128025936599423,1732976381630,21092652.91467012,1188616.50645019,5,Upbit,Binance,2024-11-30 10:15:00,0.01,0.01,0.01,0.01,1920.1,149755.0
MANA/USDT,2024-11-30T14:15:00,2024-11-30T23:15:00,0.659221902017291,0.6635446685878963,0.6534582132564841,0.6606628242074928,1732976398736,1073619758.223535,1174242.64969277,5,Upbit,Binance,2024-11-30 10:15:00,0.64,0.64,0.63,0.63,192034.94,302728.0
ANKR/USDT,2024-11-30T14:15:00,2024-11-30T23:15:00,0.0437175792507204,0.0441354466858789,0.0436815561959654,0.0440201729106628,1732976399457,54194026.37293282,889941.23844339,5,Upbit,Binance,2024-11-30 10:15:00,0.04,0.04,0.04,0.04,30567.61,716883.6
AERGO/USDT,2024-11-30T14:15:00,2024-11-30T23:15:00,0.1465417867435158,0.1469740634005763,0.1465417867435158,0.1469740634005763,1732976247287,12106384.29227329,59374.1768443,5,Upbit,Binance,2024-11-30 10:15:00,0.15,0.15,0.15,0.15,2954.84,20166.0
ATOM/USDT,2024-11-30T14:15:00,2024-11-30T23:15:00,8.638328530259367,8.67435158501441,8.62391930835735,8.667146974063401,1732976381272,27293531.7521576,2273.93835619,5,Upbit,Binance,2024-11-30 10:15:00,8.61,8.61,8.53,8.53,238927.05,27895.76
WAXP/USDT,2024-11-30T14:15:00,2024-11-30T23:15:00,0.0560014409221902,0.0560086455331412,0.0555547550432276,0.0559365994236311,1732976387081,116602474.16192336,1505801.21592035,5,Upbit,Binance,2024-11-30 10:15:00,0.05,0.05,0.05,0.05,26906.82,494308.0
HBAR/USDT,2024-11-30T14:15:00,2024-11-30T23:15:00,0.1680115273775216,0.1685878962536023,0.1677233429394812,0.1680835734870317,1732976396926,411596888.7782259,1763340.98264073,5,Upbit,Binance,2024-11-30 10:15:00,0.17,0.17,0.16,0.16,1293770.62,7828514.0
MBL/USDT,2024-11-30T14:15:00,2024-11-30T23:15:00,0.0042968299711815,0.0042997118155619,0.0042737752161383,0.0042737752161383,1732976394753,4696257.49219908,787887.0773252,5,Upbit,Binance,2024-11-30 10:15:00,0.0,0.0,0.0,0.0,29019.74,6721347.0
STPT/USDT,2024-11-30T14:15:00,2024-11-30T23:15:00,0.0576873198847262,0.0579899135446685,0.0576801152737752,0.0579899135446685,1732976396447,26436843.5515787,329588.47257601,5,Upbit,Binance,2024-11-30 10:15:00,0.06,0.06,0.06,0.06,8460.11,146922.0
ORBS/USDT,2024-11-30T14:15:00,2024-11-30T23:15:00,0.0368731988472622,0.0370533141210374,0.0367939481268011,0.0368804034582132,1732976392207,97849436.45699848,1913713.7079966,5,Upbit,Binance,2024-11-30 10:15:00,0.04,0.04,0.04,0.04,218979.34,5901560.0
VET/USDT,2024-11-30T14:15:00,2024-11-30T23:15:00,0.0463832853025936,0.0464985590778098,0.0463256484149855,0.0463904899135446,1732976387650,66589920.0385389,1034474.31775236,5,Upbit,Binance,2024-11-30 10:15:00,0.05,0.05,0.05,0.05,207177.2,4518362.6
CHZ/USDT,2024-11-30T14:15:00,2024-11-30T23:15:00,0.1037463976945245,0.1041066282420749,0.1036743515850144,0.1038904899135446,1732976399913,105907496.30918711,734698.89670192,5,Upbit,Binance,2024-11-30 10:15:00,0.1,0.1,0.1,0.1,123708.81,1226681.0
STMX/USDT,2024-11-30T14:15:00,2024-11-30T23:15:00,0.0078890489913544,0.0079034582132564,0.0078818443804034,0.0078962536023054,1732976383306,48185801.9520903,4395417.40017196,5,Upbit,Binance,2024-11-30 10:15:00,0.01,0.01,0.01,0.01,19877.02,2530469.0
HIVE/USDT,2024-11-30T14:15:00,2024-11-30T23:15:00,0.2939481268011527,0.2944524495677233,0.2939481268011527,0.2944524495677233,1732976398412,7676633.3943229,18815.01377955,5,Upbit,Binance,2024-11-30 10:15:00,0.29,0.29,0.29,0.29,3783.72,12863.0
KAVA/USDT,2024-11-30T14:15:00,2024-11-30T23:15:00,0.6146974063400577,0.6172910662824207,0.6145533141210374,0.6172910662824207,1732976390969,77476901.15947235,90678.48618733,5,Upbit,Binance,2024-11-30 10:15:00,0.61,0.61,0.61,0.61,28393.81,46531.1
LINK/USDT,2024-11-30T14:15:00,2024-11-30T23:15:00,18.523054755043223,18.638328530259365,18.523054755043223,18.638328530259365,1732976398393,240185934.0691777,9308.63881168,5,Upbit,Binance,2024-11-30 10:15:00,18.56,18.56,18.4,18.4,186021.0,10068.8
XTZ/USDT,2024-11-30T14:15:00,2024-11-30T23:15:00,1.4639769452449567,1.4747838616714697,1.4596541786743515,1.4697406340057635,1732976392257,223667781.57927516,109982.63289182,5,Upbit,Binance,2024-11-30 10:15:00,1.4,1.41,1.4,1.4,256628.08,182820.3
JST/USDT,2024-11-30T14:15:00,2024-11-30T23:15:00,0.0382780979827089,0.0385014409221902,0.0382060518731988,0.0382060518731988,1732976369791,23863687.72415121,447903.23140687,5,Upbit,Binance,2024-11-30 10:15:00,0.04,0.04,0.04,0.04,14703.59,384437.3
TON/USDT,2024-11-30T14:15:00,2024-11-30T23:15:00,2.2838616714697406,2.2838616714697406,2.2752161383285303,2.2752161383285303,1732976393192,51063379.45294242,16155.24550646,5,Upbit,Binance,2024-11-30 10:15:00,6.66,6.67,6.63,6.63,141042.49,21196.45
SXP/USDT,2024-11-30T14:15:00,2024-11-30T23:15:00,0.4181556195965418,0.4193083573487031,0.4180115273775216,0.4192363112391931,1732976388058,72955672.85514635,125387.77054791,5,Upbit,Binance,2024-11-30 10:15:00,0.42,0.42,0.41,0.41,32699.59,78894.8
DOT/USDT,2024-11-30T14:15:00,2024-11-30T23:15:00,8.904899135446685,8.926512968299711,8.890489913544668,8.904899135446685,1732976398186,76370212.9563762,6174.83235682,5,Upbit,Binance,2024-11-30 10:15:00,9.05,9.05,8.92,8.92,1417486.63,158030.51
STRAX/USDT,2024-11-30T14:15:00,2024-11-30T23:15:00,0.0749279538904899,0.075,0.0748559077809798,0.0748559077809798,1732976385815,22389751.2778304,215284.8539486,5,Upbit,Binance,2024-11-30 10:15:00,0.08,0.08,0.07,0.07,4712.86,62942.0
GLM/USDT,2024-11-30T14:15:00,2024-11-30T23:15:00,0.4963256484149855,0.4974063400576369,0.495893371757925,0.4971181556195965,1732976392566,44065277.26788048,63947.79764973,5,Upbit,Binance,2024-11-30 10:15:00,0.5,0.5,0.5,0.5,17967.29,36118.7
SAND/USDT,2024-11-30T14:15:00,2024-11-30T23:15:00,0.707492795389049,0.7154178674351584,0.696685878962536,0.7082132564841499,1732976399598,11286191788.226992,11506842.77014377,5,Upbit,Binance,2024-11-30 10:15:00,0.65,0.65,0.64,0.64,475526.16,734814.0
DOGE/USDT,2024-11-30T14:15:00,2024-11-30T23:15:00,0.4221181556195965,0.4228386167146974,0.4220461095100864,0.4223342939481268,1732976399776,1233442072.53539,2103695.99638473,5,Upbit,Binance,2024-11-30 10:15:00,0.43,0.43,0.43,0.43,7730507.18,18127280.0
PUNDIX/USDT,2024-11-30T14:15:00,2024-11-30T23:15:00,0.6086455331412104,0.6086455331412104,0.6080691642651297,0.6085734870317003,1732976357036,7278578.30095635,8623.01735219,5,Upbit,Binance,2024-11-30 10:15:00,0.61,0.61,0.61,0.61,2856.21,4695.0
FLOW/USDT,2024-11-30T14:15:00,2024-11-30T23:15:00,0.9920749279538904,1.0007204610951008,0.989913544668588,0.9971181556195964,1732976399821,180576621.02112857,130795.94672616,5,Upbit,Binance,2024-11-30 10:15:00,0.98,0.98,0.97,0.97,24582.91,25252.9
AXS/USDT,2024-11-30T14:15:00,2024-11-30T23:15:00,8.249279538904899,8.292507204610951,8.213256484149856,8.256484149855908,1732976398512,196812963.43797,17192.41467635,5,Upbit,Binance,2024-11-30 10:15:00,8.15,8.15,8.09,8.09,116559.21,14366.39
SOL/USDT,2024-11-30T14:15:00,2024-11-30T23:15:00,241.39048991354463,241.60662824207492,241.2824207492795,241.39048991354463,1732976399301,369691075.293633,1103.42051017,5,Upbit,Binance,2024-11-30 10:15:00,243.78,243.78,242.16,242.24,4116476.08,16958.37
STX/USDT,2024-11-30T14:15:00,2024-11-30T23:15:00,2.3076368876080693,2.309798270893372,2.303314121037464,2.3054755043227666,1732976399577,367764221.4391711,114901.20767098,5,Upbit,Binance,2024-11-30 10:15:00,2.32,2.32,2.3,2.3,74760.62,32412.4
POL/USDT,2024-11-30T14:15:00,2024-11-30T23:15:00,0.590778097982709,0.5951008645533141,0.590778097982709,0.5936599423631124,1732976397964,238997774.1522011,290330.65172514,5,Upbit,Binance,2024-11-30 10:15:00,0.59,0.59,0.59,0.59,303028.89,514476.3
XEC/USDT,2024-11-30T14:15:00,2024-11-30T23:15:00,4.956772334293948e-05,4.9582132564841503e-05,4.95028818443804e-05,4.951008645533141e-05,1732976394940,31192308.00100113,453837460.38752264,5,Upbit,Binance,2024-11-30 10:15:00,0.0,0.0,0.0,0.0,21802.19,439363623.0
1INCH/USDT,2024-11-30T14:15:00,2024-11-30T23:15:00,0.4384726224783862,0.4394092219020172,0.4381123919308357,0.4393371757925072,1732976393649,39028579.61594603,64074.33633743,5,Upbit,Binance,2024-11-30 10:15:00,0.43,0.43,0.43,0.43,36588.45,85341.2
AAVE/USDT,2024-11-30T14:15:00,2024-11-30T23:15:00,209.6541786743516,210.014409221902,209.0778097982709,209.6541786743516,1732976398131,134582898.1276395,462.6139174,5,Upbit,Binance,2024-11-30 10:15:00,203.76,204.3,203.22,203.31,267150.14,1312.14
ALGO/USDT,2024-11-30T14:15:00,2024-11-30T23:15:00,0.4474063400576369,0.4531700288184438,0.4474063400576369,0.4481268011527377,1732976399857,1663702145.7898254,2662593.24873379,5,Upbit,Binance,2024-11-30 10:15:00,0.42,0.42,0.42,0.42,772391.05,1828558.0
NEAR/USDT,2024-11-30T14:15:00,2024-11-30T23:15:00,7.056916426512968,7.062680115273775,7.030259365994237,7.032420749279539,1732976399752,310236675.2770441,31694.74633564,5,Upbit,Binance,2024-11-30 10:15:00,7.08,7.08,7.02,7.02,843847.41,119599.7
AVAX/USDT,2024-11-30T14:15:00,2024-11-30T23:15:00,45.742074927953894,45.86455331412104,45.706051873198845,45.78530259365994,1732976395015,211220989.1442503,3321.88474364,5,Upbit,Binance,2024-11-30 10:15:00,45.52,45.52,45.11,45.11,533222.67,11777.59
GMT/USDT,2024-11-30T14:15:00,2024-11-30T23:15:00,0.2281700288184438,0.2286743515850144,0.2280259365994236,0.2280979827089337,1732976394562,33927821.82783975,107080.38676325,5,Upbit,Binance,2024-11-30 10:15:00,0.22,0.22,0.22,0.22,63603.27,284179.7
SHIB/USDT,2024-11-30T14:15:00,2024-11-30T23:15:00,2.689481268011527e-05,2.689481268011527e-05,2.685158501440922e-05,2.685158501440922e-05,1732976399816,313232961.10701513,8399516063.656334,5,Upbit,Binance,2024-11-30 10:15:00,0.0,0.0,0.0,0.0,3878998.62,142650208017.0
CELO/USDT,2024-11-30T14:15:00,2024-11-30T23:15:00,0.9214697406340058,0.9279538904899136,0.9214697406340058,0.9257925072046108,1732976391243,126859970.12719747,98972.92275116,5,Upbit,Binance,2024-11-30 10:15:00,0.9,0.9,0.89,0.89,81822.06,91362.5
T/USDT,2024-11-30T14:15:00,2024-11-30T23:15:00,0.0335374639769452,0.0336383285302593,0.0335302593659942,0.0336311239193083,1732976382386,16412138.55286333,351964.00771968,5,Upbit,Binance,2024-11-30 10:15:00,0.03,0.03,0.03,0.03,3408.53,101993.7
ARB/USDT,2024-11-30T14:15:00,2024-11-30T23:15:00,0.9690201729106628,0.9711815561959656,0.9675792507204612,0.9690201729106628,1732976395246,102628242.42621376,76323.74378096,5,Upbit,Binance,2024-11-30 10:15:00,0.96,0.96,0.95,0.95,451512.11,472279.4
EGLD/USDT,2024-11-30T14:15:00,2024-11-30T23:15:00,41.4985590778098,41.570605187319885,41.4985590778098,41.570605187319885,1732976390652,4917086.7722141,85.32229954,5,Upbit,Binance,2024-11-30 10:15:00,41.85,41.85,41.51,41.51,77846.69,1868.57
APT/USDT,2024-11-30T14:15:00,2024-11-30T23:15:00,13.097982708933715,13.141210374639767,13.097982708933715,13.119596541786745,1732976392189,127800267.8087985,7017.11808182,5,Upbit,Binance,2024-11-30 10:15:00,13.08,13.08,12.97,12.98,560781.47,43107.29
MASK/USDT,2024-11-30T14:15:00,2024-11-30T23:15:00,3.7089337175792503,3.709654178674352,3.6988472622478383,3.6988472622478383,1732976387395,95248321.66051996,18534.97049208,5,Upbit,Binance,2024-11-30 10:15:00,3.71,3.71,3.68,3.68,84540.82,22919.8
GRT/USDT,2024-11-30T14:15:00,2024-11-30T23:15:00,0.2889048991354467,0.2903458213256484,0.2889048991354467,0.2896253602305475,1732976391460,66952377.64890945,166686.9558256,5,Upbit,Binance,2024-11-30 10:15:00,0.29,0.29,0.29,0.29,270465.98,941707.0
SUI/USDT,2024-11-30T14:15:00,2024-11-30T23:15:00,3.4438040345821324,3.451729106628242,3.443083573487032,3.4481268011527377,1732976398155,216285109.19507593,45232.64620905,5,Upbit,Binance,2024-11-30 10:15:00,3.5,3.5,3.47,3.47,1690146.0,484382.1
SEI/USDT,2024-11-30T14:15:00,2024-11-30T23:15:00,0.670749279538905,0.6736311239193083,0.670749279538905,0.6729106628242075,1732976385235,223188125.8995902,239121.42457938,5,Upbit,Binance,2024-11-30 10:15:00,0.68,0.68,0.67,0.67,250706.6,370596.8
MINA/USDT,2024-11-30T14:15:00,2024-11-30T23:15:00,0.8703170028818443,0.8710374639769453,0.8659942363112392,0.8695965417867435,1732976399497,135763749.7673874,112610.34767833,5,Upbit,Binance,2024-11-30 10:15:00,0.86,0.86,0.85,0.85,226847.89,265793.4
BLUR/USDT,2024-11-30T14:15:00,2024-11-30T23:15:00,0.361671469740634,0.3631123919308357,0.3587896253602305,0.3609510086455331,1732976394976,1001884389.5757884,1999072.64541488,5,Upbit,Binance,2024-11-30 10:15:00,0.35,0.35,0.35,0.35,158320.75,455528.5
IMX/USDT,2024-11-30T14:15:00,2024-11-30T23:15:00,1.9870317002881843,1.9971181556195965,1.9870317002881843,1.9971181556195965,1732976399338,26176371.70821237,9457.62257128,5,Upbit,Binance,2024-11-30 10:15:00,1.97,1.97,1.95,1.95,53194.53,27206.39
ID/USDT,2024-11-30T14:15:00,2024-11-30T23:15:00,0.5858789625360231,0.5867435158501441,0.5850144092219021,0.5865994236311239,1732976387810,94004832.18155384,115612.87940075,5,Upbit,Binance,2024-11-30 10:15:00,0.59,0.59,0.58,0.58,32576.83,55866.0
PYTH/USDT,2024-11-30T14:15:00,2024-11-30T23:15:00,0.4892651296829971,0.4904178674351585,0.4892651296829971,0.4901296829971181,1732976399898,102871367.00312224,151313.24012189,5,Upbit,Binance,2024-11-30 10:15:00,0.49,0.49,0.48,0.48,106985.46,220027.8
ASTR/USDT,2024-11-30T14:15:00,2024-11-30T23:15:00,0.0812680115273775,0.0814121037463977,0.0810518731988472,0.0814121037463977,1732976387647,74649809.14482991,662224.0804488,5,Upbit,Binance,2024-11-30 10:15:00,0.08,0.08,0.08,0.08,125458.74,1555482.0
AKT/USDT,2024-11-30T14:15:00,2024-11-30T23:15:00,4.214697406340058,4.214697406340058,4.211095100864553,4.211095100864553,1732976348342,14139262.22590383,2418.70420559,5,Upbit,Binance,2024-11-30 10:15:00,4.25,4.25,4.22,4.22,52473.23,12392.4
ZETA/USDT,2024-11-30T14:15:00,2024-11-30T23:15:00,0.8350144092219021,0.8357348703170029,0.8321325648414986,0.8328530259365994,1732976399509,137528989.4942083,118781.12760222,5,Upbit,Binance,2024-11-30 10:15:00,0.83,0.83,0.82,0.82,119121.74,143880.0
AUCTION/USDT,2024-11-30T14:15:00,2024-11-30T23:15:00,16.938040345821324,17.07492795389049,16.938040345821324,17.02449567723343,1732976392831,100701492.4532746,4262.57025738,5,Upbit,Binance,2024-11-30 10:15:00,16.71,16.73,16.57,16.58,21894.96,1317.46
STG/USDT,2024-11-30T14:15:00,2024-11-30T23:15:00,0.4048991354466859,0.4063400576368876,0.404178674351585,0.4048991354466859,1732976391404,68706642.79820849,122026.94042476,5,Upbit,Binance,2024-11-30 10:15:00,0.41,0.41,0.4,0.4,49885.13,122807.2
ONDO/USDT,2024-11-30T14:15:00,2024-11-30T23:15:00,1.2507204610951008,1.2564841498559078,1.2492795389048992,1.255043227665706,1732976395581,168119122.54611993,96675.89358733,5,Upbit,Binance,2024-11-30 10:15:00,1.28,1.28,1.25,1.25,2946251.66,2335422.6
ZRO/USDT,2024-11-30T14:15:00,2024-11-30T23:15:00,4.878962536023055,4.880403458213256,4.8638328530259365,4.869596541786744,1732976353473,145464324.3896395,21525.6343598,5,Upbit,Binance,2024-11-30 10:15:00,4.92,4.92,4.88,4.88,155882.66,31818.52
JUP/USDT,2024-11-30T14:15:00,2024-11-30T23:15:00,1.1685878962536025,1.1714697406340058,1.1685878962536025,1.170028818443804,1732976394594,37564705.32902447,23137.70843262,5,Upbit,Binance,2024-11-30 10:15:00,1.18,1.18,1.16,1.16,166228.44,142277.1
ENS/USDT,2024-11-30T14:15:00,2024-11-30T23:15:00,44.43804034582133,44.58933717579251,43.87608069164265,44.05619596541787,1732976399815,6573165270.704393,107315.39026288,5,Upbit,Binance,2024-11-30 10:15:00,43.11,43.17,42.65,42.67,1268444.0,29568.37
G/USDT,2024-11-30T14:15:00,2024-11-30T23:15:00,0.0386599423631123,0.0387463976945244,0.0385734870317002,0.0385951008645533,1732976395237,85398678.29811513,1591619.32551233,5,Upbit,Binance,2024-11-30 10:15:00,0.04,0.04,0.04,0.04,22025.62,574060.0
PENDLE/USDT,2024-11-30T14:15:00,2024-11-30T23:15:00,5.720461095100864,5.736311239193084,5.709654178674351,5.728386167146974,1732976355133,36659278.15692074,4610.4166373,5,Upbit,Binance,2024-11-30 10:15:00,5.76,5.76,5.69,5.7,229544.31,40206.7
USDC/USDT,2024-11-30T14:15:00,2024-11-30T23:15:00,1.0,1.0007204610951008,0.9992795389048992,0.9992795389048992,1732976364169,16120075.25039905,11621.52545099,5,Upbit,Binance,2024-11-30 10:15:00,1.0,1.0,1.0,1.0,2127742.45,2128515.0
UXLINK/USDT,2024-11-30T14:15:00,2024-11-30T23:15:00,0.664193083573487,0.6657060518731989,0.664193083573487,0.6654178674351585,1732976394640,114138451.9743147,123638.13767016,5,Upbit,Binance,2024-11-30 10:15:00,0.68,0.68,0.67,0.68,574235.07,847734.0
BIGTIME/USDT,2024-11-30T14:15:00,2024-11-30T23:15:00,0.1690201729106628,0.1697406340057637,0.1690201729106628,0.1693804034582132,1732976398327,87030969.39998478,370460.03421674,5,Upbit,Binance,2024-11-30 10:15:00,0.17,0.17,0.17,0.17,250869.81,1487980.0
CKB/USDT,2024-11-30T14:15:00,2024-11-30T23:15:00,0.0163328530259366,0.0164193083573487,0.0163112391930835,0.0163832853025936,1732976396604,258956484.63463992,11393935.83410842,5,Upbit,Binance,2024-11-30 10:15:00,0.02,0.02,0.02,0.02,95335.99,5974278.0
W/USDT,2024-11-30T14:15:00,2024-11-30T23:15:00,0.3155619596541786,0.3157060518731988,0.3135446685878962,0.3155619596541786,1732976393414,43948551.51151573,100491.62727223,5,Upbit,Binance,2024-11-30 10:15:00,0.31,0.31,0.31,0.31,97553.99,315362.4
INJ/USDT,2024-11-30T14:15:00,2024-11-30T23:15:00,30.223342939481267,30.237752161383284,30.122478386167145,30.194524495677232,1732976282163,3883661.1473691,92.72460751,5,Upbit,Binance,2024-11-30 10:15:00,30.48,30.48,30.11,30.16,167893.73,5546.77
UNI/USDT,2024-11-30T14:15:00,2024-11-30T23:15:00,12.838616714697409,12.88184438040346,12.831412103746398,12.88184438040346,1732976399962,29402636.0537375,1647.7649426,5,Upbit,Binance,2024-11-30 10:15:00,12.86,12.86,12.73,12.74,505403.96,39535.68
MEW/USDT,2024-11-30T14:15:00,2024-11-30T23:15:00,0.0094668587896253,0.0094812680115273,0.0094668587896253,0.0094740634005763,1732976399252,136903480.01049584,10409975.82597254,5,Upbit,Binance,2024-11-30 10:15:00,0.01,0.01,0.01,0.01,468153.22,49253714.0
SAFE/USDT,2024-11-30T14:15:00,2024-11-30T23:15:00,1.186599423631124,1.186599423631124,1.186599423631124,1.186599423631124,1732976396872,6630120.94583619,4025.57434477,5,Upbit,Binance,2024-11-30 10:15:00,1.19,1.19,1.18,1.18,15003.71,12667.0
DRIFT/USDT,2024-11-30T14:15:00,2024-11-30T23:15:00,1.3861671469740633,1.3926512968299711,1.381844380403458,1.3919308357348703,1732976398955,77118224.6704353,40081.56917668,5,Upbit,Binance,2024-11-30 10:15:00,1.39,1.39,1.38,1.38,138200.85,99637.0
AGLD/USDT,2024-11-30T14:15:00,2024-11-30T23:15:00,1.530979827089337,1.532420749279539,1.5302593659942365,1.530979827089337,1732976398254,30540494.16932108,14369.27040652,5,Upbit,Binance,2024-11-30 10:15:00,1.53,1.53,1.52,1.52,62585.72,41028.7
PEPE/USDT,2024-11-30T14:15:00,2024-11-30T23:15:00,2.04178674351585e-05,2.046109510086455e-05,2.040345821325649e-05,2.043227665706052e-05,1732976398497,118148303.5033123,4166302334.8995,5,Upbit,Binance,2024-11-30 10:15:00,0.0,0.0,0.0,0.0,3175423.5,154187889696.0
BONK/USDT,2024-11-30T14:15:00,2024-11-30T23:15:00,4.548991354466859e-05,4.55043227665706e-05,4.544668587896254e-05,4.548991354466859e-05,1732976397203,39549783.04271421,626507347.405334,5,Upbit,Binance,2024-11-30 10:15:00,0.0,0.0,0.0,0.0,1340647.93,29355808108.0
BTC/USDT,2024-11-30T14:20:00,2024-11-30T23:20:00,96609.94953136264,96612.11247296324,96540.01441961068,96547.22422494592,1732976699913,970140371.85723,7.24147846,5,Upbit,Binance,2024-11-30 10:20:00,96500.0,96536.0,96456.0,96502.37,6244777.18,64.72
ETH/USDT,2024-11-30T14:20:00,2024-11-30T23:20:00,3682.047584715213,3682.7685652487385,3677.721701514059,3677.721701514059,1732976699367,598065430.41843,117.15937277,5,Upbit,Binance,2024-11-30 10:20:00,3670.8,3674.0,3666.0,3672.58,8336207.15,2271.49
WAVES/USDT,2024-11-30T14:20:00,2024-11-30T23:20:00,2.2523431867339583,2.2588320115356884,2.247296322999279,2.2552271088680604,1732976699173,221612705.39547932,70943.17120206,5,Upbit,Binance,2024-06-17 02:55:00,1.06,1.08,1.05,1.08,104988.55,98527.64
ETC/USDT,2024-11-30T14:20:00,2024-11-30T23:20:00,32.840663302090846,32.840663302090846,32.69646719538572,32.71088680605624,1732976698523,713220250.9037329,15698.19237094,5,Upbit,Binance,2024-11-30 10:20:00,32.74,32.81,32.65,32.77,387939.49,11860.99
XRP/USDT,2024-11-30T14:20:00,2024-11-30T23:20:00,1.868060562364816,1.8738284066330209,1.8658976207642393,1.8709444844989185,1732976699807,13970654959.10901,5384647.37351711,5,Upbit,Binance,2024-11-30 10:20:00,1.86,1.86,1.85,1.86,14690518.21,7918272.0
NEO/USDT,2024-11-30T14:20:00,2024-11-30T23:20:00,15.79668348954578,15.825522710886808,15.775054073540014,15.811103100216297,1732976696737,98213928.0677244,4482.95000027,5,Upbit,Binance,2024-11-30 10:20:00,15.71,15.71,15.65,15.66,70747.42,4513.04
SNT/USDT,2024-11-30T14:20:00,2024-11-30T23:20:00,0.0452992069214131,0.0453713049747656,0.0452054794520547,0.0452487382840663,1732976698362,37835405.1093023,602213.8196345,5,Upbit,Binance,2024-11-30 10:20:00,0.04,0.04,0.04,0.04,20593.56,458856.0
MTL/USDT,2024-11-30T14:20:00,2024-11-30T23:20:00,1.528478731074261,1.5306416726748375,1.528478731074261,1.529199711607787,1732976665652,25754447.46223254,12144.59486861,5,Upbit,Binance,2024-11-30 10:20:00,1.52,1.52,1.51,1.51,8416.29,5557.5
XEM/USDT,2024-11-30T14:20:00,2024-11-30T23:20:00,0.0338932948810382,0.0340951694304253,0.0338428262436914,0.0340951694304253,1732976695679,323812986.3332267,6877717.08589685,5,Upbit,Binance,2024-06-17 02:55:00,0.02,0.02,0.02,0.02,85053.59,5328872.0
QTUM/USDT,2024-11-30T14:20:00,2024-11-30T23:20:00,3.918529199711608,3.925739005046864,3.9084354722422496,3.916366258111031,1732976690630,27211196.15977341,5006.55769615,5,Upbit,Binance,2024-11-30 10:20:00,3.88,3.88,3.87,3.87,15716.16,4058.1
LSK/USDT,2024-11-30T14:20:00,2024-11-30T23:20:00,1.3028118240807498,1.3028118240807498,1.2977649603460706,1.2977649603460706,1732976680530,37215424.5078808,20628.33394393,5,Upbit,Binance,2024-11-30 10:20:00,1.3,1.3,1.29,1.3,15572.32,12007.9
STEEM/USDT,2024-11-30T14:20:00,2024-11-30T23:20:00,0.2664023071377073,0.2664744051910598,0.2663302090843547,0.2664023071377073,1732976687556,18730237.3404576,50696.55210803,5,Upbit,Binance,2024-11-30 10:20:00,0.27,0.27,0.26,0.26,10340.2,39037.3
XLM/USDT,2024-11-30T14:20:00,2024-11-30T23:20:00,0.5286229271809662,0.5295602018745494,0.5284066330209084,0.5295602018745494,1732976699802,2431530839.405717,3313567.47452255,5,Upbit,Binance,2024-11-30 10:20:00,0.53,0.53,0.53,0.53,1480147.04,2791519.0
ARK/USDT,2024-11-30T14:20:00,2024-11-30T23:20:00,0.7238644556596971,0.7238644556596971,0.722422494592646,0.7238644556596971,1732976690880,20199651.71671011,20131.07936772,5,Upbit,Binance,2024-11-30 10:20:00,0.72,0.72,0.72,0.72,8791.66,12229.0
ARDR/USDT,2024-11-30T14:20:00,2024-11-30T23:20:00,0.1195385724585436,0.1199711607786589,0.1195385724585436,0.1196106705118961,1732976680487,39933844.32922843,240287.60612346,5,Upbit,Binance,2024-11-30 10:20:00,0.12,0.12,0.12,0.12,12178.62,99849.0
STORJ/USDT,2024-11-30T14:20:00,2024-11-30T23:20:00,0.6388608507570296,0.6404470079307858,0.6372746935832733,0.6372746935832733,1732976695472,139176456.12953323,156981.46346659,5,Upbit,Binance,2024-11-30 10:20:00,0.63,0.63,0.62,0.62,39451.69,63193.0
GRS/USDT,2024-11-30T14:20:00,2024-11-30T23:20:00,0.5695746214852199,0.5702956020187455,0.5695746214852199,0.5695746214852199,1732976668094,24906966.3086161,31520.15241725,5,Upbit,,,,,,,,
ADA/USDT,2024-11-30T14:20:00,2024-11-30T23:20:00,1.087959625090123,1.0901225666906993,1.087959625090123,1.0886806056236482,1732976699976,478040211.0785983,316454.20652712,5,Upbit,Binance,2024-11-30 10:20:00,1.08,1.08,1.08,1.08,3793822.29,3506526.7
SBD/USDT,2024-11-30T14:20:00,2024-11-30T23:20:00,3.8954578226387886,3.8997837058399423,3.893294881038212,3.8997837058399423,1732976688484,6507639.52932285,1204.17819291,5,Upbit,,,,,,,,
POWR/USDT,2024-11-30T14:20:00,2024-11-30T23:20:00,0.329127613554434,0.3292718096611391,0.3288392213410238,0.3289113193943763,1732976698825,68035263.33258516,149071.20391584,5,Upbit,Binance,2024-11-30 10:20:00,0.32,0.32,0.32,0.32,26050.6,80582.0
BTG/USDT,2024-11-30T14:20:00,2024-11-30T23:20:00,35.74621485219899,35.81831290555155,35.73900504686373,35.796683489545785,1732976699625,18093347.2341092,364.63310125,5,Upbit,Binance,2022-10-24 08:55:00,17.83,17.83,17.62,17.65,32435.6,1828.42
ICX/USDT,2024-11-30T14:20:00,2024-11-30T23:20:00,0.2285508291276135,0.2292718096611391,0.2285508291276135,0.2292718096611391,1732976693773,11690581.41028293,36820.64912433,5,Upbit,Binance,2024-11-30 10:20:00,0.23,0.23,0.23,0.23,11647.64,51551.1
EOS/USDT,2024-11-30T14:20:00,2024-11-30T23:20:00,0.9617880317231434,0.9632299927901946,0.9603460706560922,0.9632299927901946,1732976694547,45737475.28959447,34272.78668248,5,Upbit,Binance,2024-11-30 10:20:00,0.95,0.95,0.94,0.95,226449.18,239657.6
SC/USDT,2024-11-30T14:20:00,2024-11-30T23:20:00,0.0071665465032444,0.0071665465032444,0.0071506849315068,0.0071629416005767,1732976682170,25056832.23746572,2525276.77375075,5,Upbit,Binance,2024-11-30 10:20:00,0.01,0.01,0.01,0.01,31420.29,4419543.0
TRX/USDT,2024-11-30T14:20:00,2024-11-30T23:20:00,0.2062004325883201,0.2062004325883201,0.2054794520547945,0.2054794520547945,1732976694414,51844621.26549885,181385.81630326,5,Upbit,Binance,2024-11-30 10:20:00,0.2,0.2,0.2,0.2,595304.43,2911120.7
POLYX/USDT,2024-11-30T14:20:00,2024-11-30T23:20:00,0.377072819033886,0.3774333093006489,0.3764239365537131,0.3767123287671233,1732976696810,80046260.61831895,153156.38370869,5,Upbit,Binance,2024-11-30 10:20:00,0.37,0.37,0.37,0.37,74471.93,200186.6
ZIL/USDT,2024-11-30T14:20:00,2024-11-30T23:20:00,0.026395097332372,0.026452775775054,0.0263446286950252,0.0264311463590483,1732976675722,17850208.48957117,487289.67381699,5,Upbit,Binance,2024-11-30 10:20:00,0.03,0.03,0.03,0.03,38582.4,1473283.8
ONT/USDT,2024-11-30T14:20:00,2024-11-30T23:20:00,0.2838500360490266,0.2838500360490266,0.2832732516222062,0.283633741888969,1732976660757,10927847.95929122,27775.62254039,5,Upbit,Binance,2024-11-30 10:20:00,0.28,0.28,0.28,0.28,39326.93,139744.0
LOOM/USDT,2024-11-30T14:20:00,2024-11-30T23:20:00,0.0777937995674116,0.0777937995674116,0.077577505407354,0.0777937995674116,1732976686901,26948025.78796053,250066.58117842,5,Upbit,Binance,2024-08-26 02:55:00,0.05,0.05,0.05,0.05,1281.57,26528.0
ZRX/USDT,2024-11-30T14:20:00,2024-11-30T23:20:00,0.5891131939437635,0.5895457822638789,0.5864455659697188,0.5864455659697188,1732976694810,103075319.82072008,126337.36120833,5,Upbit,Binance,2024-11-30 10:20:00,0.58,0.58,0.57,0.57,132876.93,231950.0
BCH/USDT,2024-11-30T14:20:00,2024-11-30T23:20:00,527.6135544340303,528.3345349675559,526.6041816870944,526.6041816870944,1732976698946,227481569.679091,311.10718956,5,Upbit,Binance,2024-11-30 10:20:00,525.4,525.4,522.3,523.7,815977.29,1558.57
BAT/USDT,2024-11-30T14:20:00,2024-11-30T23:20:00,0.3215573179524152,0.3222062004325883,0.3215573179524152,0.3222062004325883,1732976686633,3619037.04218884,8100.13870048,5,Upbit,Binance,2024-11-30 10:20:00,0.32,0.32,0.31,0.32,24739.45,78517.0
IOST/USDT,2024-11-30T14:20:00,2024-11-30T23:20:00,0.0084931506849315,0.0085003604902667,0.0084715212689257,0.0084715212689257,1732976696330,9936140.02659812,844446.96338472,5,Upbit,Binance,2024-11-30 10:20:00,0.01,0.01,0.01,0.01,27155.13,3328674.0
CVC/USDT,2024-11-30T14:20:00,2024-11-30T23:20:00,0.1691420331651045,0.1694304253785147,0.1688536409516943,0.1688536409516943,1732976696937,35072748.13736612,149508.13268632,5,Upbit,Binance,2024-11-30 10:20:00,0.17,0.17,0.17,0.17,22765.3,135204.0
IQ/USDT,2024-11-30T14:20:00,2024-11-30T23:20:00,0.0092141312184571,0.0092141312184571,0.0091348233597692,0.0091780821917808,1732976690290,122421446.90842047,9649530.62606838,5,Upbit,Binance,2024-11-30 10:20:00,0.01,0.01,0.01,0.01,35724.98,3951571.0
HIFI/USDT,2024-11-30T14:20:00,2024-11-30T23:20:00,0.7332372025955299,0.7354001441961067,0.7332372025955299,0.7346791636625811,1732976698487,5646091.94197567,5539.7921029,5,Upbit,Binance,2024-11-30 10:20:00,0.73,0.73,0.73,0.73,34479.84,47364.2
IOTA/USDT,2024-11-30T14:20:00,2024-11-30T23:20:00,0.283129055515501,0.2837058399423215,0.2812545061283345,0.2832732516222062,1732976699370,380633552.9002226,970244.876768,5,Upbit,Binance,2024-11-30 10:20:00,0.27,0.27,0.27,0.27,82262.6,308964.0
BOUNTY/USDT,2024-11-30T14:20:00,2024-11-30T23:20:00,0.0876712328767123,0.0878154289834174,0.0876712328767123,0.0876712328767123,1732976691919,21268612.39750758,174840.73390026,5,Upbit,,,,,,,,
ONG/USDT,2024-11-30T14:20:00,2024-11-30T23:20:00,0.4397981254506128,0.4403028118240807,0.4386445565969719,0.4387166546503244,1732976676422,45277907.3023617,74309.6395351,5,Upbit,Binance,2024-11-30 10:20:00,0.44,0.44,0.43,0.44,10468.23,24015.0
GAS/USDT,2024-11-30T14:20:00,2024-11-30T23:20:00,6.108868060562365,6.108868060562365,6.099495313626532,6.107426099495314,1732976699003,51508665.25451145,6083.91816621,5,Upbit,Binance,2024-11-30 10:20:00,6.09,6.1,6.07,6.09,23563.41,3870.5
ELF/USDT,2024-11-30T14:20:00,2024-11-30T23:20:00,0.5868781542898341,0.589041095890411,0.5868781542898341,0.5883201153568853,1732976683615,30355893.38572832,37210.3357963,5,Upbit,Binance,2024-11-30 10:20:00,0.58,0.58,0.58,0.58,73799.44,126438.1
KNC/USDT,2024-11-30T14:20:00,2024-11-30T23:20:00,0.6965392934390772,0.6968276856524874,0.6954578226387887,0.6964671953857245,1732976682080,5659770.01839322,5861.30488394,5,Upbit,Binance,2024-11-30 10:20:00,0.69,0.69,0.69,0.69,61872.3,89517.2
BSV/USDT,2024-11-30T14:20:00,2024-11-30T23:20:00,71.34823359769287,71.36265320836337,71.3410237923576,71.36265320836337,1732976693599,14806106.0509687,149.61797817,5,Upbit,Binance,2024-11-30 10:20:00,71.52,71.53,71.16,71.33,186749.26,2618.4
THETA/USDT,2024-11-30T14:20:00,2024-11-30T23:20:00,2.7591925018024512,2.7714491708723865,2.7426099495313627,2.7714491708723865,1732976696973,406139210.84337693,106287.61822251,5,Upbit,Binance,2024-11-30 10:20:00,2.48,2.48,2.45,2.46,476584.39,193458.6
QKC/USDT,2024-11-30T14:20:00,2024-11-30T23:20:00,0.0128118240807498,0.0128118240807498,0.012790194664744,0.0127974044700793,1732976692247,14963176.67075619,842810.35705025,5,Upbit,Binance,2024-11-30 10:20:00,0.01,0.01,0.01,0.01,12726.3,994679.0
BTT/USDT,2024-11-30T14:20:00,2024-11-30T23:20:00,1.3705839942321557e-06,1.3727469358327326e-06,1.368421052631579e-06,1.368421052631579e-06,1732976681851,53293207.01629485,28027728339.215317,5,Upbit,Binance,2022-01-17 03:55:00,0.0,0.0,0.0,0.0,259460.44,93694360.0
MANA/USDT,2024-11-30T14:20:00,2024-11-30T23:20:00,0.6611391492429705,0.6625811103100216,0.6582552271088681,0.6611391492429705,1732976699562,1007130115.8368227,1099498.97352468,5,Upbit,Binance,2024-11-30 10:20:00,0.63,0.63,0.63,0.63,252572.7,400697.0
MOC/USDT,2024-11-30T14:20:00,2024-11-30T23:20:00,0.1087238644556597,0.1089401586157173,0.1085796683489545,0.1089401586157173,1732976698129,29374440.20453869,194642.43584106,5,Upbit,,,,,,,,
TFUEL/USDT,2024-11-30T14:20:00,2024-11-30T23:20:00,0.08788752703677,0.0882480173035328,0.0875991348233597,0.0880317231434751,1732976699294,120508051.00780416,988561.11018053,5,Upbit,Binance,2024-11-30 10:20:00,0.08,0.08,0.08,0.08,54088.91,649045.0
ANKR/USDT,2024-11-30T14:20:00,2024-11-30T23:20:00,0.0440519105984138,0.0441095890410958,0.0437346791636625,0.0439005046863734,1732976697040,15684314.89834734,257474.73738403,5,Upbit,Binance,2024-11-30 10:20:00,0.04,0.04,0.04,0.04,42750.52,1008710.9
AERGO/USDT,2024-11-30T14:20:00,2024-11-30T23:20:00,0.1470079307858688,0.1470800288392213,0.1468637346791636,0.1470800288392213,1732976628092,3843042.95182825,18844.22650639,5,Upbit,Binance,2024-11-30 10:20:00,0.15,0.15,0.15,0.15,5176.13,35593.0
ATOM/USDT,2024-11-30T14:20:00,2024-11-30T23:20:00,8.680605623648162,8.695025234318674,8.658976207642393,8.695025234318674,1732976699884,44115543.5132168,3661.78536432,5,Upbit,Binance,2024-11-30 10:20:00,8.53,8.55,8.51,8.53,422109.45,49539.44
TT/USDT,2024-11-30T14:20:00,2024-11-30T23:20:00,0.0046943042537851,0.0046943042537851,0.004691420331651,0.004691420331651,1732976675529,1157847.59057467,177858.56193336,5,Upbit,,,,,,,,
GAME2/USDT,2024-11-30T14:20:00,2024-11-30T23:20:00,0.0062516222062004,0.0062804614275414,0.0062509012256669,0.0062638788752703,1732976694389,76115279.9147763,8754967.75944685,5,Upbit,,,,,,,,
MBL/USDT,2024-11-30T14:20:00,2024-11-30T23:20:00,0.0042768565248738,0.0042919971160778,0.0042768565248738,0.0042912761355443,1732976687965,33752467.99659862,5673804.78683255,5,Upbit,Binance,2024-11-30 10:20:00,0.0,0.0,0.0,0.0,25689.68,5976113.0
WAXP/USDT,2024-11-30T14:20:00,2024-11-30T23:20:00,0.0559697188175919,0.0561788031723143,0.0557534246575342,0.0559048305695746,1732976698445,152067414.75997347,1958690.2443319,5,Upbit,Binance,2024-11-30 10:20:00,0.05,0.05,0.05,0.05,21984.54,405346.0
HBAR/USDT,2024-11-30T14:20:00,2024-11-30T23:20:00,0.1682047584715212,0.1684210526315789,0.1677721701514059,0.1681326604181687,1732976694214,326890934.42168534,1402688.61006635,5,Upbit,Binance,2024-11-30 10:20:00,0.16,0.16,0.16,0.16,1011853.04,6151089.0
MLK/USDT,2024-11-30T14:20:00,2024-11-30T23:20:00,0.3025955299206921,0.3026676279740447,0.3023792357606344,0.3023792357606344,1732976666755,29010521.47815028,69143.95474665,5,Upbit,,,,,,,,
MED/USDT,2024-11-30T14:20:00,2024-11-30T23:20:00,0.0129271809661139,0.0129343907714491,0.0129055515501081,0.0129055515501081,1732976625307,14576898.89898352,813234.3387132,5,Upbit,,,,,,,,
STPT/USDT,2024-11-30T14:20:00,2024-11-30T23:20:00,0.0580100937274693,0.0580389329488103,0.0578947368421052,0.0580245133381398,1732976638252,33510090.40489657,416545.78252117,5,Upbit,Binance,2024-11-30 10:20:00,0.06,0.06,0.06,0.06,19105.94,332425.7
VET/USDT,2024-11-30T14:20:00,2024-11-30T23:20:00,0.0465320836337418,0.0469142033165104,0.0464383561643835,0.0465537130497476,1732976696903,368610747.391414,5681552.20584358,5,Upbit,Binance,2024-11-30 10:20:00,0.05,0.05,0.05,0.05,288153.08,6337476.2
ORBS/USDT,2024-11-30T14:20:00,2024-11-30T23:20:00,0.0370583994232155,0.037072819033886,0.0369502523431867,0.0369574621485219,1732976683063,14052616.52490812,273816.38606047,5,Upbit,Binance,2024-11-30 10:20:00,0.04,0.04,0.04,0.04,129078.89,3490473.0
CHZ/USDT,2024-11-30T14:20:00,2024-11-30T23:20:00,0.1040374909877433,0.1041816870944484,0.1037490987743331,0.1039653929343907,1732976699803,73255711.43516448,508355.19541521,5,Upbit,Binance,2024-11-30 10:20:00,0.1,0.1,0.1,0.1,272881.17,2720360.0
STMX/USDT,2024-11-30T14:20:00,2024-11-30T23:20:00,0.0078947368421052,0.0079019466474405,0.0078803172314347,0.0078947368421052,1732976660310,20402966.30070458,1864008.04836581,5,Upbit,Binance,2024-11-30 10:20:00,0.01,0.01,0.01,0.01,28540.18,3650627.0
DKA/USDT,2024-11-30T14:20:00,2024-11-30T23:20:00,0.0300504686373467,0.030057678442682,0.0299927901946647,0.030057678442682,1732976693787,13617273.60283711,326753.11548548,5,Upbit,,,,,,,,
KAVA/USDT,2024-11-30T14:20:00,2024-11-30T23:20:00,0.6171593366979091,0.6178803172314348,0.6165104542177361,0.6165825522710887,1732976696443,41238039.59246956,48169.02981665,5,Upbit,Binance,2024-11-30 10:20:00,0.61,0.61,0.6,0.61,45675.92,75318.2
LINK/USDT,2024-11-30T14:20:00,2024-11-30T23:20:00,18.637346791636627,18.723864455659697,18.637346791636627,18.66618601297765,1732976689246,280799205.6369556,10834.15095133,5,Upbit,Binance,2024-11-30 10:20:00,18.4,18.43,18.35,18.38,476129.59,25903.61
AHT/USDT,2024-11-30T14:20:00,2024-11-30T23:20:00,0.0070057678442682,0.0070338860850757,0.0070050468637346,0.0070072098053352,1732976696871,13494940.35664537,1387154.36951539,5,Upbit,,,,,,,,
HIVE/USDT,2024-11-30T14:20:00,2024-11-30T23:20:00,0.2946647440519105,0.2946647440519105,0.2941600576784426,0.2944484498918529,1732976690739,13170148.73514005,32244.02004403,5,Upbit,Binance,2024-11-30 10:20:00,0.29,0.29,0.29,0.29,7821.01,26725.0
XTZ/USDT,2024-11-30T14:20:00,2024-11-30T23:20:00,1.470800288392213,1.4744051910598417,1.4621485219899062,1.4650324441240086,1732976699244,181892979.5067895,89219.33257864,5,Upbit,Binance,2024-11-30 10:20:00,1.4,1.4,1.39,1.39,123046.64,88250.2
JST/USDT,2024-11-30T14:20:00,2024-11-30T23:20:00,0.0382335976928622,0.0382912761355443,0.0382335976928622,0.0382912761355443,1732976696080,4468452.56879164,84149.33401576,5,Upbit,Binance,2024-11-30 10:20:00,0.04,0.04,0.04,0.04,26141.15,685672.8
BORA/USDT,2024-11-30T14:20:00,2024-11-30T23:20:00,0.1526315789473684,0.1528478731074261,0.1521268925739005,0.152703677000721,1732976691643,64678201.80947616,305746.93583434,5,Upbit,,,,,,,,
CRO/USDT,2024-11-30T14:20:00,2024-11-30T23:20:00,0.1865176640230713,0.1868060562364816,0.1863013698630136,0.1863734679163662,1732976679700,13313132.91454598,51500.3860921,5,Upbit,,,,,,,,
TON/USDT,2024-11-30T14:20:00,2024-11-30T23:20:00,2.2782984859408795,2.28478731074261,2.2782984859408795,2.28478731074261,1732976689057,27117014.07110176,8571.57833812,5,Upbit,Binance,2024-11-30 10:20:00,6.63,6.67,6.62,6.66,425663.25,64086.88
SXP/USDT,2024-11-30T14:20:00,2024-11-30T23:20:00,0.4190338860850757,0.4195385724585436,0.4186733958183129,0.4193943763518385,1732976686695,34087904.61424812,58619.24350132,5,Upbit,Binance,2024-11-30 10:20:00,0.41,0.41,0.41,0.41,44276.24,107525.7
HUNT/USDT,2024-11-30T14:20:00,2024-11-30T23:20:00,0.4269646719538573,0.4269646719538573,0.4260273972602739,0.4260273972602739,1732976641957,3333457.8737726,5631.84355003,5,Upbit,,,,,,,,
STRAX/USDT,2024-11-30T14:20:00,2024-11-30T23:20:00,0.0749819754866618,0.0749819754866618,0.0748377793799567,0.0748377793799567,1732976690953,10155732.44701356,97758.25290436,5,Upbit,Binance,2024-11-30 10:20:00,0.07,0.07,0.07,0.07,11500.56,154503.0
DOT/USDT,2024-11-30T14:20:00,2024-11-30T23:20:00,8.925739005046864,8.954578226387888,8.911319394376353,8.954578226387888,1732976689184,104786153.5370282,8454.8812513,5,Upbit,Binance,2024-11-30 10:20:00,8.92,8.92,8.88,8.9,1072031.14,120469.56
MVL/USDT,2024-11-30T14:20:00,2024-11-30T23:20:00,0.0059516943042537,0.0059552992069214,0.0059372746935832,0.0059379956741167,1732976692582,19235028.46786093,2331193.94434546,5,Upbit,,,,,,,,
AQT/USDT,2024-11-30T14:20:00,2024-11-30T23:20:00,1.5082912761355445,1.5097332372025956,1.5082912761355445,1.50901225666907,1732976696918,22501232.291963,10750.65296986,5,Upbit,,,,,,,,
GLM/USDT,2024-11-30T14:20:00,2024-11-30T23:20:00,0.4974765681326604,0.498197548666186,0.49689978370584,0.498197548666186,1732976689647,25431630.21327641,36870.62891176,5,Upbit,Binance,2024-11-30 10:20:00,0.5,0.5,0.49,0.49,46376.03,93900.6
META/USDT,2024-11-30T14:20:00,2024-11-30T23:20:00,0.0405046863734679,0.0405118961788031,0.0403316510454217,0.0405046863734679,1732976641424,9860283.7506699,175576.26536708,5,Upbit,,,,,,,,
FCT2/USDT,2024-11-30T14:20:00,2024-11-30T23:20:00,0.0548377793799567,0.0549170872386445,0.0548089401586157,0.0548954578226387,1732976625056,5900825.89247889,77570.55329843,5,Upbit,,,,,,,,
CBK/USDT,2024-11-30T14:20:00,2024-11-30T23:20:00,0.9142033165104542,0.9156452775775054,0.9105984138428262,0.9113193943763518,1732976641020,51934146.31757115,41002.86917387,5,Upbit,,,,,,,,
SAND/USDT,2024-11-30T14:20:00,2024-11-30T23:20:00,0.7094448449891853,0.7116077865897621,0.7007930785868781,0.7065609228550829,1732976699769,6540775630.147032,6677675.51271207,5,Upbit,Binance,2024-11-30 10:20:00,0.64,0.65,0.64,0.65,490079.05,761745.0
DOGE/USDT,2024-11-30T14:20:00,2024-11-30T23:20:00,0.4226387887527037,0.4235760634462869,0.4224224945926459,0.4232155731795241,1732976699409,1748070337.9747946,2979944.35784809,5,Upbit,Binance,2024-11-30 10:20:00,0.43,0.43,0.42,0.43,10421528.53,24513628.0
HPO/USDT,2024-11-30T14:20:00,2024-11-30T23:20:00,0.0798846431146359,0.0801009372746935,0.0797404470079307,0.0798125450612833,1732976694248,75189851.15258262,678102.30099422,5,Upbit,,,,,,,,
PUNDIX/USDT,2024-11-30T14:20:00,2024-11-30T23:20:00,0.6089401586157174,0.6089401586157174,0.6065609228550829,0.6088680605623649,1732976682743,33185682.0477755,39421.76152686,5,Upbit,Binance,2024-11-30 10:20:00,0.61,0.61,0.6,0.61,30750.83,50753.0
STRIKE/USDT,2024-11-30T14:20:00,2024-11-30T23:20:00,10.187454938716655,10.187454938716655,10.151405912040374,10.15861571737563,1732976696395,27676081.7233331,1962.21127304,5,Upbit,,,,,,,,
FLOW/USDT,2024-11-30T14:20:00,2024-11-30T23:20:00,0.9978370583994232,1.0,0.9935111751982696,0.9942321557317952,1732976694645,73535621.66106792,53271.12965296,5,Upbit,Binance,2024-11-30 10:20:00,0.97,0.97,0.97,0.97,33432.75,34527.54
AXS/USDT,2024-11-30T14:20:00,2024-11-30T23:20:00,8.262436914203317,8.276856524873828,8.233597692862293,8.269646719538573,1732976699150,147911853.4228555,12913.4948044,5,Upbit,Binance,2024-11-30 10:20:00,8.08,8.09,8.05,8.07,83332.96,10325.01
STX/USDT,2024-11-30T14:20:00,2024-11-30T23:20:00,2.307858687815429,2.3121845710165827,2.3071377072819033,2.311463590483057,1732976698803,191979832.6921051,59925.67212198,5,Upbit,Binance,2024-11-30 10:20:00,2.3,2.3,2.29,2.29,301919.25,131507.9
XEC/USDT,2024-11-30T14:20:00,2024-11-30T23:20:00,4.9560201874549385e-05,4.9560201874549385e-05,4.9538572458543614e-05,4.9560201874549385e-05,1732976694890,51107369.22407403,743657025.4140748,5,Upbit,Binance,2024-11-30 10:20:00,0.0,0.0,0.0,0.0,42759.85,868573137.0
SOL/USDT,2024-11-30T14:20:00,2024-11-30T23:20:00,241.56452775775057,241.6005767844268,241.16798846431143,241.34823359769285,1732976695993,502783223.570046,1501.90077555,5,Upbit,Binance,2024-11-30 10:20:00,242.24,242.34,241.86,242.14,2471487.79,10210.1
POL/USDT,2024-11-30T14:20:00,2024-11-30T23:20:00,0.5940879596250901,0.5948089401586157,0.5926459985580389,0.5926459985580389,1732976699821,88932510.22656149,108068.03300772,5,Upbit,Binance,2024-11-30 10:20:00,0.59,0.59,0.58,0.59,349697.24,597267.7
AAVE/USDT,2024-11-30T14:20:00,2024-11-30T23:20:00,209.73323720259552,209.9495313626532,209.33669790915644,209.9495313626532,1732976694636,42946933.329635,147.71470963,5,Upbit,Binance,2024-11-30 10:20:00,203.31,204.81,203.25,204.78,376784.8,1846.11
1INCH/USDT,2024-11-30T14:20:00,2024-11-30T23:20:00,0.4396539293439077,0.4410237923576063,0.4396539293439077,0.4404470079307858,1732976697318,41021070.51390881,67214.47873325,5,Upbit,Binance,2024-11-30 10:20:00,0.43,0.43,0.42,0.43,105554.34,248006.1
ALGO/USDT,2024-11-30T14:20:00,2024-11-30T23:20:00,0.4477289113193943,0.4506128334534967,0.4470079307858687,0.4477289113193943,1732976699150,961386415.9412558,1545315.70256451,5,Upbit,Binance,2024-11-30 10:20:00,0.42,0.42,0.42,0.42,1466785.08,3486925.0
NEAR/USDT,2024-11-30T14:20:00,2024-11-30T23:20:00,7.037490987743331,7.04758471521269,7.035328046142754,7.04758471521269,1732976697499,229560008.8250602,23503.16076177,5,Upbit,Binance,2024-11-30 10:20:00,7.02,7.02,6.96,6.97,836556.63,119714.6
AVAX/USDT,2024-11-30T14:20:00,2024-11-30T23:20:00,45.78226387887527,46.012977649603464,45.78226387887527,45.91204037490988,1732976694749,404663348.065479,6348.85152695,5,Upbit,Binance,2024-11-30 10:20:00,45.12,45.18,45.01,45.08,843794.63,18720.97
T/USDT,2024-11-30T14:20:00,2024-11-30T23:20:00,0.0336265320836337,0.0336770007209805,0.0336121124729632,0.0336409516943042,1732976697822,16309462.41034593,349566.58297192,5,Upbit,Binance,2024-11-30 10:20:00,0.03,0.03,0.03,0.03,22232.41,668536.2
CELO/USDT,2024-11-30T14:20:00,2024-11-30T23:20:00,0.9264599855803892,0.928622927180966,0.9242970439798124,0.9257390050468636,1732976698691,63282417.3327985,49240.27609163,5,Upbit,Binance,2024-11-30 10:20:00,0.89,0.9,0.89,0.89,231760.33,259518.1
GMT/USDT,2024-11-30T14:20:00,2024-11-30T23:20:00,0.2282624369142033,0.2283345349675558,0.2274693583273251,0.2281182408074981,1732976680512,44330235.26584644,140291.59318459,5,Upbit,Binance,2024-11-30 10:20:00,0.22,0.22,0.22,0.22,64852.09,291576.2
APT/USDT,2024-11-30T14:20:00,2024-11-30T23:20:00,13.121845710165823,13.157894736842104,13.121845710165823,13.12905551550108,1732976689936,74554269.481763,4089.92004671,5,Upbit,Binance,2024-11-30 10:20:00,12.98,12.99,12.93,12.96,404058.62,31190.52
SHIB/USDT,2024-11-30T14:20:00,2024-11-30T23:20:00,2.6878154289834173e-05,2.692862292718097e-05,2.685652487382841e-05,2.6914203316510455e-05,1732976697266,551853617.7566868,14793148950.64484,5,Upbit,Binance,2024-11-30 10:20:00,0.0,0.0,0.0,0.0,2295579.92,85070212316.0
MASK/USDT,2024-11-30T14:20:00,2024-11-30T23:20:00,3.701514059120404,3.7094448449891857,3.6986301369863015,3.705839942321558,1732976686346,26082748.57486888,5078.68552519,5,Upbit,Binance,2024-11-30 10:20:00,3.68,3.68,3.67,3.67,136328.84,37112.7
ARB/USDT,2024-11-30T14:20:00,2024-11-30T23:20:00,0.969718817591925,0.9711607786589762,0.9689978370583994,0.9689978370583994,1732976699835,190764859.85137793,141871.77119136,5,Upbit,Binance,2024-11-30 10:20:00,0.95,0.95,0.95,0.95,766399.52,806118.6
SUI/USDT,2024-11-30T14:20:00,2024-11-30T23:20:00,3.451333813987022,3.4563806777217017,3.4477289113193943,3.4563806777217017,1732976699021,179193493.92738405,37427.7441411,5,Upbit,Binance,2024-11-30 10:20:00,3.47,3.47,3.46,3.46,883075.83,255013.7
EGLD/USDT,2024-11-30T14:20:00,2024-11-30T23:20:00,41.64383561643836,41.79524152847873,41.6366258111031,41.708723864455656,1732976698581,8853261.7681283,152.84465979,5,Upbit,Binance,2024-11-30 10:20:00,41.51,41.53,41.33,41.44,149877.92,3617.72
GRT/USDT,2024-11-30T14:20:00,2024-11-30T23:20:00,0.2898341744772891,0.2905551550108147,0.2883922134102379,0.2898341744772891,1732976694211,168455631.51783764,420054.09664876,5,Upbit,Binance,2024-11-30 10:20:00,0.29,0.29,0.28,0.29,138108.09,484423.0
IMX/USDT,2024-11-30T14:20:00,2024-11-30T23:20:00,1.9985580389329487,2.0043258832011537,1.9949531362653208,2.003604902667628,1732976689605,68550062.86127806,24727.24034533,5,Upbit,Binance,2024-11-30 10:20:00,1.95,1.95,1.94,1.95,47930.25,24634.0
BLUR/USDT,2024-11-30T14:20:00,2024-11-30T23:20:00,0.361211247296323,0.3626532083633741,0.3583273251622206,0.3604902667627974,1732976692156,447975954.6353638,895954.22449082,5,Upbit,Binance,2024-11-30 10:20:00,0.35,0.35,0.34,0.35,140748.59,407652.9
MINA/USDT,2024-11-30T14:20:00,2024-11-30T23:20:00,0.8680605623648161,0.8702235039653929,0.8644556596971882,0.8666186012977649,1732976697518,100204540.02383824,83275.00013647,5,Upbit,Binance,2024-11-30 10:20:00,0.85,0.85,0.85,0.85,428471.56,503912.7
SEI/USDT,2024-11-30T14:20:00,2024-11-30T23:20:00,0.6741167988464312,0.6762797404470079,0.6733958183129055,0.6762797404470079,1732976698267,352487363.49804413,376322.73767594,5,Upbit,Binance,2024-11-30 10:20:00,0.67,0.67,0.67,0.67,526293.34,783356.8
ID/USDT,2024-11-30T14:20:00,2024-11-30T23:20:00,0.5870223503965393,0.5870223503965393,0.5851478010093728,0.585940879596251,1732976684151,60286842.90840379,74196.55704313,5,Upbit,Binance,2024-11-30 10:20:00,0.58,0.58,0.58,0.58,40797.24,70317.0
CTC/USDT,2024-11-30T14:20:00,2024-11-30T23:20:00,0.9935111751982696,0.9971160778658976,0.992790194664744,0.992790194664744,1732976683855,26954897.28614873,19555.36600549,5,Upbit,,,,,,,,
ASTR/USDT,2024-11-30T14:20:00,2024-11-30T23:20:00,0.0814708002883922,0.0814708002883922,0.0811824080749819,0.0812545061283345,1732976662838,21470313.21521868,190392.36595729,5,Upbit,Binance,2024-11-30 10:20:00,0.08,0.08,0.08,0.08,92891.77,1157310.5
PYTH/USDT,2024-11-30T14:20:00,2024-11-30T23:20:00,0.4904830569574621,0.491492429704398,0.4890410958904109,0.490338860850757,1732976694428,89843794.06853005,132118.64277217,5,Upbit,Binance,2024-11-30 10:20:00,0.48,0.48,0.48,0.48,159650.07,330634.6
MNT/USDT,2024-11-30T14:20:00,2024-11-30T23:20:00,0.9069935111751982,0.9098774333093006,0.9069935111751982,0.9098774333093006,1732976698389,9932206.79734494,7886.66360239,5,Upbit,,,,,,,,
AKT/USDT,2024-11-30T14:20:00,2024-11-30T23:20:00,4.214852198990627,4.217736121124729,4.214131218457101,4.217736121124729,1732976656875,19726657.13805025,3373.19653358,5,Upbit,Binance,2024-11-30 10:20:00,4.22,4.22,4.21,4.22,42594.51,10102.2
ONDO/USDT,2024-11-30T14:20:00,2024-11-30T23:20:00,1.2559480894015862,1.263157894736842,1.2530641672674838,1.2573900504686373,1732976695481,368702442.25631696,211132.65003686,5,Upbit,Binance,2024-11-30 10:20:00,1.25,1.26,1.25,1.26,2084234.28,1658488.9
AUCTION/USDT,2024-11-30T14:20:00,2024-11-30T23:20:00,17.036770007209807,17.087238644556596,17.02956020187455,17.087238644556596,1732976694008,54150080.0319772,2288.42466115,5,Upbit,Binance,2024-11-30 10:20:00,16.56,16.58,16.54,16.57,9600.95,579.76
ZRO/USDT,2024-11-30T14:20:00,2024-11-30T23:20:00,4.86733958183129,4.873107426099495,4.863013698630137,4.873107426099495,1732976698748,33194703.78754241,4916.88439971,5,Upbit,Binance,2024-11-30 10:20:00,4.88,4.88,4.84,4.86,208160.77,42857.74
STG/USDT,2024-11-30T14:20:00,2024-11-30T23:20:00,0.4059120403749098,0.4066330209084354,0.4044700793078586,0.4051910598413842,1732976695720,49573671.9855802,88132.81522162,5,Upbit,Binance,2024-11-30 10:20:00,0.4,0.4,0.4,0.4,93319.47,232288.9
ZETA/USDT,2024-11-30T14:20:00,2024-11-30T23:20:00,0.8334534967555876,0.8334534967555876,0.829127613554434,0.8334534967555876,1732976695070,161561987.1526881,140057.04167823,5,Upbit,Binance,2024-11-30 10:20:00,0.82,0.82,0.82,0.82,144848.34,176031.0
BEAM/USDT,2024-11-30T14:20:00,2024-11-30T23:20:00,0.0262436914203316,0.0264888248017303,0.0262364816149963,0.0262725306416726,1732976682684,26188409.50739642,714302.72381465,5,Upbit,Binance,2023-01-26 08:55:00,0.07,0.07,0.07,0.07,35100.36,539416.0
BLAST/USDT,2024-11-30T14:20:00,2024-11-30T23:20:00,0.0125162220620043,0.0125306416726748,0.012509012256669,0.0125234318673395,1732976699308,19721187.92842721,1135449.4127464,5,Upbit,,,,,,,,
TAIKO/USDT,2024-11-30T14:20:00,2024-11-30T23:20:00,2.1715933669790917,2.183129055515501,2.1679884643114637,2.1788031723143475,1732976697679,293345015.699142,97253.09440348,5,Upbit,,,,,,,,
JUP/USDT,2024-11-30T14:20:00,2024-11-30T23:20:00,1.1701514059120404,1.170872386445566,1.1679884643114635,1.1701514059120404,1732976699783,121473769.38822734,74867.7797143,5,Upbit,Binance,2024-11-30 10:20:00,1.16,1.17,1.16,1.16,172254.62,148194.7
ENS/USDT,2024-11-30T14:20:00,2024-11-30T23:20:00,44.080749819754864,44.24657534246575,43.74909877433309,44.239365537130496,1732976699716,6478233888.606475,106069.79932436,5,Upbit,Binance,2024-11-30 10:20:00,42.67,42.84,42.25,42.82,2502692.85,58921.67
PENDLE/USDT,2024-11-30T14:20:00,2024-11-30T23:20:00,5.731795241528479,5.732516222062005,5.694304253785147,5.710886806056236,1732976681523,42668505.42693821,5384.02118671,5,Upbit,Binance,2024-11-30 10:20:00,5.7,5.7,5.68,5.69,245583.2,43182.6
UXLINK/USDT,2024-11-30T14:20:00,2024-11-30T23:20:00,0.6658976207642394,0.6667627974044701,0.6658255227108868,0.6662581110310022,1732976698246,191572124.60261983,207316.33863971,5,Upbit,Binance,2024-11-30 10:20:00,0.68,0.68,0.67,0.67,410727.91,609127.0
BIGTIME/USDT,2024-11-30T14:20:00,2024-11-30T23:20:00,0.1695025234318673,0.1697909156452775,0.1692862292718096,0.1697909156452775,1732976689766,45150886.87171777,191990.0112336,5,Upbit,Binance,2024-11-30 10:20:00,0.17,0.17,0.17,0.17,421614.8,2517348.0
USDC/USDT,2024-11-30T14:20:00,2024-11-30T23:20:00,1.0,1.0,1.0,1.0,1732976524931,189506.4021103,136.6304269,5,Upbit,Binance,2024-11-30 10:20:00,1.0,1.0,1.0,1.0,1451169.86,1451708.0
G/USDT,2024-11-30T14:20:00,2024-11-30T23:20:00,0.0386229271809661,0.0386301369863013,0.0385436193222783,0.0386085075702956,1732976680783,139108951.72970533,2600171.59386181,5,Upbit,Binance,2024-11-30 10:20:00,0.04,0.04,0.04,0.04,73429.11,1925744.0
ATH/USDT,2024-11-30T14:20:00,2024-11-30T23:20:00,0.0671232876712328,0.0676856524873828,0.0671232876712328,0.0676856524873828,1732976699171,82427969.38687608,881200.08055247,5,Upbit,,,,,,,,
CARV/USDT,2024-11-30T14:20:00,2024-11-30T23:20:00,1.010814708002884,1.0115356885364095,1.0100937274693584,1.010814708002884,1732976699903,34476573.13316246,24587.77195848,5,Upbit,,,,,,,,
CKB/USDT,2024-11-30T14:20:00,2024-11-30T23:20:00,0.0163806777217015,0.0164095169430425,0.0163229992790194,0.0163302090843547,1732976699875,70936266.29748654,3122811.40837536,5,Upbit,Binance,2024-11-30 10:20:00,0.02,0.02,0.02,0.02,141915.05,8955001.0
W/USDT,2024-11-30T14:20:00,2024-11-30T23:20:00,0.3157173756308579,0.3159336697909156,0.3153568853640952,0.3157894736842105,1732976595087,16680242.36218902,38076.77282291,5,Upbit,Binance,2024-11-30 10:20:00,0.31,0.31,0.31,0.31,181664.43,590393.2
INJ/USDT,2024-11-30T14:20:00,2024-11-30T23:20:00,30.20908435472242,30.223503965392933,30.151405912040374,30.19466474405191,1732976645008,24875797.0628479,594.52829211,5,Upbit,Binance,2024-11-30 10:20:00,30.15,30.15,30.02,30.09,175130.29,5823.44
MEW/USDT,2024-11-30T14:20:00,2024-11-30T23:20:00,0.0094808940158615,0.0094881038211968,0.009466474405191,0.0094808940158615,1732976699194,191652237.59342065,14576547.0134387,5,Upbit,Binance,2024-11-30 10:20:00,0.01,0.01,0.01,0.01,938987.88,99336536.0
UNI/USDT,2024-11-30T14:20:00,2024-11-30T23:20:00,12.891131939437637,12.912761355443402,12.855082912761356,12.912761355443402,1732976695119,25413670.6949851,1421.29194603,5,Upbit,Binance,2024-11-30 10:20:00,12.74,12.82,12.72,12.79,1247252.85,97652.52
BONK/USDT,2024-11-30T14:20:00,2024-11-30T23:20:00,4.55155010814708e-05,4.5544340302811825e-05,4.548666186012977e-05,4.548666186012977e-05,1732976698904,54347370.2064154,860717076.4530193,5,Upbit,Binance,2024-11-30 10:20:00,0.0,0.0,0.0,0.0,338554.4,7446574084.0
AGLD/USDT,2024-11-30T14:20:00,2024-11-30T23:20:00,1.532083633741889,1.5328046142754146,1.529199711607787,1.529199711607787,1732976682120,44105967.53654393,20775.70374965,5,Upbit,Binance,2024-11-30 10:20:00,1.52,1.52,1.52,1.52,7773.31,5114.7
PEPE/USDT,2024-11-30T14:20:00,2024-11-30T23:20:00,2.044700793078587e-05,2.0468637346791637e-05,2.043258832011536e-05,2.0454217736121123e-05,1732976692700,57442821.02669903,2024648882.661509,5,Upbit,Binance,2024-11-30 10:20:00,0.0,0.0,0.0,0.0,3332008.22,162648825880.0
DRIFT/USDT,2024-11-30T14:20:00,2024-11-30T23:20:00,1.3871665465032443,1.3922134102379236,1.3864455659697188,1.3893294881038212,1732976697819,46738927.71134968,24267.26843685,5,Upbit,Binance,2024-11-30 10:20:00,1.38,1.39,1.38,1.38,156502.11,113160.0
SAFE/USDT,2024-11-30T14:20:00,2024-11-30T23:20:00,1.1874549387166546,1.1917808219178083,1.186733958183129,1.1917808219178083,1732976645262,67997861.43792696,41249.41840187,5,Upbit,Binance,2024-11-30 10:20:00,1.18,1.18,1.17,1.17,92668.99,78829.0
