market,candle_date_time_utc,candle_date_time_kst,opening_price,high_price,low_price,trade_price,timestamp,candle_acc_trade_price,candle_acc_trade_volume,unit,source
BTC/USDT,2024-11-30T14:20:00,2024-11-30T23:20:00,96609.94953136265,96612.11247296323,96540.01441961067,96547.22422494592,1732976699913,970140371.85723,7.24147846,5,Upbit
ETH/USDT,2024-11-30T14:20:00,2024-11-30T23:20:00,3682.047584715213,3682.7685652487385,3677.721701514059,3677.721701514059,1732976699367,598065430.41843,117.15937277,5,Upbit
WAVES/USDT,2024-11-30T14:20:00,2024-11-30T23:20:00,2.2523431867339583,2.2588320115356884,2.247296322999279,2.2552271088680604,1732976699173,221612705.39547932,70943.17120206,5,Upbit
ETC/USDT,2024-11-30T14:20:00,2024-11-30T23:20:00,32.840663302090846,32.840663302090846,32.69646719538572,32.71088680605624,1732976698523,713220250.9037329,15698.19237094,5,Upbit
XRP/USDT,2024-11-30T14:20:00,2024-11-30T23:20:00,1.868060562364816,1.8738284066330209,1.8658976207642393,1.8709444844989185,1732976699807,13970654959.10901,5384647.37351711,5,Upbit
NEO/USDT,2024-11-30T14:20:00,2024-11-30T23:20:00,15.796683489545781,15.825522710886807,15.775054073540014,15.811103100216295,1732976696737,98213928.0677244,4482.95000027,5,Upbit
SNT/USDT,2024-11-30T14:20:00,2024-11-30T23:20:00,0.04529920692141312,0.04537130497476568,0.045205479452054796,0.04524873828406633,1732976698362,37835405.1093023,602213.8196345,5,Upbit
MTL/USDT,2024-11-30T14:20:00,2024-11-30T23:20:00,1.528478731074261,1.5306416726748377,1.528478731074261,1.5291997116077867,1732976665652,25754447.46223254,12144.59486861,5,Upbit
XEM/USDT,2024-11-30T14:20:00,2024-11-30T23:20:00,0.03389329488103821,0.03409516943042538,0.03384282624369142,0.03409516943042538,1732976695679,323812986.3332267,6877717.08589685,5,Upbit
QTUM/USDT,2024-11-30T14:20:00,2024-11-30T23:20:00,3.9185291997116076,3.925739005046864,3.9084354722422496,3.916366258111031,1732976690630,27211196.15977341,5006.55769615,5,Upbit
LSK/USDT,2024-11-30T14:20:00,2024-11-30T23:20:00,1.3028118240807498,1.3028118240807498,1.2977649603460706,1.2977649603460706,1732976680530,37215424.5078808,20628.33394393,5,Upbit
STEEM/USDT,2024-11-30T14:20:00,2024-11-30T23:20:00,0.2664023071377073,0.26647440519105986,0.26633020908435473,0.2664023071377073,1732976687556,18730237.3404576,50696.55210803,5,Upbit
XLM/USDT,2024-11-30T14:20:00,2024-11-30T23:20:00,0.5286229271809662,0.5295602018745494,0.5284066330209084,0.5295602018745494,1732976699802,2431530839.405717,3313567.47452255,5,Upbit
ARK/USDT,2024-11-30T14:20:00,2024-11-30T23:20:00,0.7238644556596971,0.7238644556596971,0.722422494592646,0.7238644556596971,1732976690880,20199651.71671011,20131.07936772,5,Upbit
ARDR/USDT,2024-11-30T14:20:00,2024-11-30T23:20:00,0.11953857245854363,0.11997116077865898,0.11953857245854363,0.11961067051189618,1732976680487,39933844.32922843,240287.60612346,5,Upbit
STORJ/USDT,2024-11-30T14:20:00,2024-11-30T23:20:00,0.6388608507570296,0.6404470079307858,0.6372746935832733,0.6372746935832733,1732976695472,139176456.12953323,156981.46346659,5,Upbit
GRS/USDT,2024-11-30T14:20:00,2024-11-30T23:20:00,0.5695746214852199,0.5702956020187455,0.5695746214852199,0.5695746214852199,1732976668094,24906966.3086161,31520.15241725,5,Upbit
ADA/USDT,2024-11-30T14:20:00,2024-11-30T23:20:00,1.0879596250901227,1.0901225666906993,1.0879596250901227,1.0886806056236482,1732976699976,478040211.0785983,316454.20652712,5,Upbit
SBD/USDT,2024-11-30T14:20:00,2024-11-30T23:20:00,3.8954578226387886,3.8997837058399423,3.8932948810382118,3.8997837058399423,1732976688484,6507639.52932285,1204.17819291,5,Upbit
POWR/USDT,2024-11-30T14:20:00,2024-11-30T23:20:00,0.32912761355443404,0.3292718096611391,0.32883922134102384,0.32891131939437634,1732976698825,68035263.33258516,149071.20391584,5,Upbit
BTG/USDT,2024-11-30T14:20:00,2024-11-30T23:20:00,35.74621485219899,35.81831290555155,35.73900504686373,35.796683489545785,1732976699625,18093347.2341092,364.63310125,5,Upbit
ICX/USDT,2024-11-30T14:20:00,2024-11-30T23:20:00,0.22855082912761354,0.22927180966113914,0.22855082912761354,0.22927180966113914,1732976693773,11690581.41028293,36820.64912433,5,Upbit
EOS/USDT,2024-11-30T14:20:00,2024-11-30T23:20:00,0.9617880317231434,0.9632299927901946,0.9603460706560922,0.9632299927901946,1732976694547,45737475.28959447,34272.78668248,5,Upbit
SC/USDT,2024-11-30T14:20:00,2024-11-30T23:20:00,0.007166546503244412,0.007166546503244412,0.007150684931506849,0.007162941600576784,1732976682170,25056832.23746572,2525276.77375075,5,Upbit
TRX/USDT,2024-11-30T14:20:00,2024-11-30T23:20:00,0.2062004325883201,0.2062004325883201,0.2054794520547945,0.2054794520547945,1732976694414,51844621.26549885,181385.81630326,5,Upbit
POLYX/USDT,2024-11-30T14:20:00,2024-11-30T23:20:00,0.37707281903388606,0.3774333093006489,0.3764239365537131,0.3767123287671233,1732976696810,80046260.61831895,153156.38370869,5,Upbit
ZIL/USDT,2024-11-30T14:20:00,2024-11-30T23:20:00,0.026395097332372025,0.02645277577505407,0.026344628695025234,0.026431146359048304,1732976675722,17850208.48957117,487289.67381699,5,Upbit
ONT/USDT,2024-11-30T14:20:00,2024-11-30T23:20:00,0.28385003604902664,0.28385003604902664,0.2832732516222062,0.283633741888969,1732976660757,10927847.95929122,27775.62254039,5,Upbit
LOOM/USDT,2024-11-30T14:20:00,2024-11-30T23:20:00,0.07779379956741168,0.07779379956741168,0.077577505407354,0.07779379956741168,1732976686901,26948025.78796053,250066.58117842,5,Upbit
ZRX/USDT,2024-11-30T14:20:00,2024-11-30T23:20:00,0.5891131939437635,0.5895457822638789,0.5864455659697188,0.5864455659697188,1732976694810,103075319.82072008,126337.36120833,5,Upbit
BCH/USDT,2024-11-30T14:20:00,2024-11-30T23:20:00,527.6135544340303,528.3345349675559,526.6041816870944,526.6041816870944,1732976698946,227481569.679091,311.10718956,5,Upbit
BAT/USDT,2024-11-30T14:20:00,2024-11-30T23:20:00,0.32155731795241527,0.3222062004325883,0.32155731795241527,0.3222062004325883,1732976686633,3619037.04218884,8100.13870048,5,Upbit
IOST/USDT,2024-11-30T14:20:00,2024-11-30T23:20:00,0.008493150684931507,0.008500360490266761,0.008471521268925739,0.008471521268925739,1732976696330,9936140.02659812,844446.96338472,5,Upbit
CVC/USDT,2024-11-30T14:20:00,2024-11-30T23:20:00,0.16914203316510454,0.16943042537851477,0.1688536409516943,0.1688536409516943,1732976696937,35072748.13736612,149508.13268632,5,Upbit
IQ/USDT,2024-11-30T14:20:00,2024-11-30T23:20:00,0.009214131218457102,0.009214131218457102,0.009134823359769286,0.009178082191780823,1732976690290,122421446.90842047,9649530.62606838,5,Upbit
HIFI/USDT,2024-11-30T14:20:00,2024-11-30T23:20:00,0.7332372025955299,0.7354001441961067,0.7332372025955299,0.7346791636625811,1732976698487,5646091.94197567,5539.7921029,5,Upbit
IOTA/USDT,2024-11-30T14:20:00,2024-11-30T23:20:00,0.28312905551550105,0.28370583994232157,0.2812545061283345,0.2832732516222062,1732976699370,380633552.9002226,970244.876768,5,Upbit
BOUNTY/USDT,2024-11-30T14:20:00,2024-11-30T23:20:00,0.08767123287671233,0.08781542898341745,0.08767123287671233,0.08767123287671233,1732976691919,21268612.39750758,174840.73390026,5,Upbit
ONG/USDT,2024-11-30T14:20:00,2024-11-30T23:20:00,0.4397981254506128,0.44030281182408076,0.4386445565969719,0.43871665465032444,1732976676422,45277907.3023617,74309.6395351,5,Upbit
GAS/USDT,2024-11-30T14:20:00,2024-11-30T23:20:00,6.108868060562365,6.108868060562365,6.099495313626532,6.107426099495314,1732976699003,51508665.25451145,6083.91816621,5,Upbit
ELF/USDT,2024-11-30T14:20:00,2024-11-30T23:20:00,0.5868781542898341,0.589041095890411,0.5868781542898341,0.5883201153568853,1732976683615,30355893.38572832,37210.3357963,5,Upbit
KNC/USDT,2024-11-30T14:20:00,2024-11-30T23:20:00,0.6965392934390772,0.6968276856524874,0.6954578226387887,0.6964671953857245,1732976682080,5659770.01839322,5861.30488394,5,Upbit
BSV/USDT,2024-11-30T14:20:00,2024-11-30T23:20:00,71.34823359769287,71.36265320836337,71.3410237923576,71.36265320836337,1732976693599,14806106.0509687,149.61797817,5,Upbit
THETA/USDT,2024-11-30T14:20:00,2024-11-30T23:20:00,2.7591925018024512,2.7714491708723865,2.7426099495313627,2.7714491708723865,1732976696973,406139210.84337693,106287.61822251,5,Upbit
QKC/USDT,2024-11-30T14:20:00,2024-11-30T23:20:00,0.01281182408074982,0.01281182408074982,0.012790194664744051,0.012797404470079307,1732976692247,14963176.67075619,842810.35705025,5,Upbit
BTT/USDT,2024-11-30T14:20:00,2024-11-30T23:20:00,1.3705839942321557e-06,1.3727469358327326e-06,1.368421052631579e-06,1.368421052631579e-06,1732976681851,53293207.01629485,28027728339.215317,5,Upbit
MANA/USDT,2024-11-30T14:20:00,2024-11-30T23:20:00,0.6611391492429705,0.6625811103100216,0.6582552271088681,0.6611391492429705,1732976699562,1007130115.8368229,1099498.97352468,5,Upbit
MOC/USDT,2024-11-30T14:20:00,2024-11-30T23:20:00,0.10872386445565971,0.10894015861571738,0.10857966834895458,0.10894015861571738,1732976698129,29374440.20453869,194642.43584106,5,Upbit
TFUEL/USDT,2024-11-30T14:20:00,2024-11-30T23:20:00,0.08788752703677001,0.08824801730353281,0.08759913482335976,0.08803172314347513,1732976699294,120508051.00780417,988561.11018053,5,Upbit
ANKR/USDT,2024-11-30T14:20:00,2024-11-30T23:20:00,0.044051910598413846,0.04410958904109589,0.04373467916366258,0.043900504686373465,1732976697040,15684314.89834734,257474.73738403,5,Upbit
AERGO/USDT,2024-11-30T14:20:00,2024-11-30T23:20:00,0.1470079307858688,0.14708002883922133,0.14686373467916367,0.14708002883922133,1732976628092,3843042.95182825,18844.22650639,5,Upbit
ATOM/USDT,2024-11-30T14:20:00,2024-11-30T23:20:00,8.680605623648162,8.695025234318674,8.658976207642393,8.695025234318674,1732976699884,44115543.5132168,3661.78536432,5,Upbit
TT/USDT,2024-11-30T14:20:00,2024-11-30T23:20:00,0.004694304253785148,0.004694304253785148,0.004691420331651045,0.004691420331651045,1732976675529,1157847.59057467,177858.56193336,5,Upbit
GAME2/USDT,2024-11-30T14:20:00,2024-11-30T23:20:00,0.006251622206200432,0.0062804614275414564,0.006250901225666907,0.006263878875270368,1732976694389,76115279.9147763,8754967.75944685,5,Upbit
MBL/USDT,2024-11-30T14:20:00,2024-11-30T23:20:00,0.004276856524873828,0.004291997116077866,0.004276856524873828,0.004291276135544341,1732976687965,33752467.99659862,5673804.78683255,5,Upbit
WAXP/USDT,2024-11-30T14:20:00,2024-11-30T23:20:00,0.05596971881759192,0.05617880317231435,0.055753424657534245,0.055904830569574626,1732976698445,152067414.75997347,1958690.2443319,5,Upbit
HBAR/USDT,2024-11-30T14:20:00,2024-11-30T23:20:00,0.16820475847152128,0.16842105263157894,0.1677721701514059,0.1681326604181687,1732976694214,326890934.42168534,1402688.61006635,5,Upbit
MLK/USDT,2024-11-30T14:20:00,2024-11-30T23:20:00,0.3025955299206921,0.30266762797404473,0.30237923576063447,0.30237923576063447,1732976666755,29010521.47815028,69143.95474665,5,Upbit
MED/USDT,2024-11-30T14:20:00,2024-11-30T23:20:00,0.012927180966113914,0.012934390771449172,0.012905551550108146,0.012905551550108146,1732976625307,14576898.89898352,813234.3387132,5,Upbit
STPT/USDT,2024-11-30T14:20:00,2024-11-30T23:20:00,0.058010093727469354,0.05803893294881038,0.05789473684210526,0.05802451333813987,1732976638252,33510090.40489657,416545.78252117,5,Upbit
VET/USDT,2024-11-30T14:20:00,2024-11-30T23:20:00,0.046532083633741894,0.04691420331651045,0.04643835616438356,0.046553713049747654,1732976696903,368610747.391414,5681552.20584358,5,Upbit
ORBS/USDT,2024-11-30T14:20:00,2024-11-30T23:20:00,0.03705839942321557,0.03707281903388609,0.03695025234318673,0.03695746214852199,1732976683063,14052616.52490812,273816.38606047,5,Upbit
CHZ/USDT,2024-11-30T14:20:00,2024-11-30T23:20:00,0.10403749098774334,0.10418168709444844,0.1037490987743331,0.10396539293439076,1732976699803,73255711.43516448,508355.19541521,5,Upbit
STMX/USDT,2024-11-30T14:20:00,2024-11-30T23:20:00,0.007894736842105263,0.00790194664744052,0.007880317231434751,0.007894736842105263,1732976660310,20402966.30070458,1864008.04836581,5,Upbit
DKA/USDT,2024-11-30T14:20:00,2024-11-30T23:20:00,0.03005046863734679,0.030057678442682045,0.029992790194664744,0.030057678442682045,1732976693787,13617273.60283711,326753.11548548,5,Upbit
KAVA/USDT,2024-11-30T14:20:00,2024-11-30T23:20:00,0.6171593366979091,0.6178803172314348,0.6165104542177361,0.6165825522710887,1732976696443,41238039.59246956,48169.02981665,5,Upbit
LINK/USDT,2024-11-30T14:20:00,2024-11-30T23:20:00,18.637346791636627,18.723864455659697,18.637346791636627,18.66618601297765,1732976689246,280799205.6369556,10834.15095133,5,Upbit
AHT/USDT,2024-11-30T14:20:00,2024-11-30T23:20:00,0.007005767844268205,0.007033886085075703,0.007005046863734678,0.0070072098053352554,1732976696871,13494940.35664537,1387154.36951539,5,Upbit
HIVE/USDT,2024-11-30T14:20:00,2024-11-30T23:20:00,0.29466474405191057,0.29466474405191057,0.29416005767844267,0.2944484498918529,1732976690739,13170148.73514005,32244.02004403,5,Upbit
XTZ/USDT,2024-11-30T14:20:00,2024-11-30T23:20:00,1.4708002883922133,1.4744051910598415,1.4621485219899062,1.4650324441240086,1732976699244,181892979.5067895,89219.33257864,5,Upbit
JST/USDT,2024-11-30T14:20:00,2024-11-30T23:20:00,0.038233597692862296,0.03829127613554434,0.038233597692862296,0.03829127613554434,1732976696080,4468452.56879164,84149.33401576,5,Upbit
BORA/USDT,2024-11-30T14:20:00,2024-11-30T23:20:00,0.15263157894736842,0.1528478731074261,0.1521268925739005,0.152703677000721,1732976691643,64678201.80947616,305746.93583434,5,Upbit
CRO/USDT,2024-11-30T14:20:00,2024-11-30T23:20:00,0.18651766402307138,0.18680605623648164,0.18630136986301368,0.18637346791636625,1732976679700,13313132.91454598,51500.3860921,5,Upbit
TON/USDT,2024-11-30T14:20:00,2024-11-30T23:20:00,2.2782984859408795,2.28478731074261,2.2782984859408795,2.28478731074261,1732976689057,27117014.07110176,8571.57833812,5,Upbit
SXP/USDT,2024-11-30T14:20:00,2024-11-30T23:20:00,0.41903388608507575,0.4195385724585436,0.4186733958183129,0.4193943763518385,1732976686695,34087904.61424812,58619.24350132,5,Upbit
HUNT/USDT,2024-11-30T14:20:00,2024-11-30T23:20:00,0.4269646719538573,0.4269646719538573,0.42602739726027394,0.42602739726027394,1732976641957,3333457.8737726,5631.84355003,5,Upbit
STRAX/USDT,2024-11-30T14:20:00,2024-11-30T23:20:00,0.07498197548666186,0.07498197548666186,0.07483777937995674,0.07483777937995674,1732976690953,10155732.44701356,97758.25290436,5,Upbit
DOT/USDT,2024-11-30T14:20:00,2024-11-30T23:20:00,8.925739005046864,8.954578226387888,8.911319394376353,8.954578226387888,1732976689184,104786153.5370282,8454.8812513,5,Upbit
MVL/USDT,2024-11-30T14:20:00,2024-11-30T23:20:00,0.005951694304253786,0.005955299206921413,0.005937274693583273,0.0059379956741167994,1732976692582,19235028.46786093,2331193.94434546,5,Upbit
AQT/USDT,2024-11-30T14:20:00,2024-11-30T23:20:00,1.5082912761355443,1.5097332372025956,1.5082912761355443,1.50901225666907,1732976696918,22501232.291963,10750.65296986,5,Upbit
GLM/USDT,2024-11-30T14:20:00,2024-11-30T23:20:00,0.4974765681326604,0.498197548666186,0.49689978370584,0.498197548666186,1732976689647,25431630.21327641,36870.62891176,5,Upbit
META/USDT,2024-11-30T14:20:00,2024-11-30T23:20:00,0.040504686373467914,0.04051189617880317,0.040331651045421774,0.040504686373467914,1732976641424,9860283.7506699,175576.26536708,5,Upbit
FCT2/USDT,2024-11-30T14:20:00,2024-11-30T23:20:00,0.05483777937995674,0.05491708723864456,0.05480894015861571,0.05489545782263879,1732976625056,5900825.89247889,77570.55329843,5,Upbit
CBK/USDT,2024-11-30T14:20:00,2024-11-30T23:20:00,0.9142033165104542,0.9156452775775054,0.9105984138428262,0.9113193943763518,1732976641020,51934146.31757115,41002.86917387,5,Upbit
SAND/USDT,2024-11-30T14:20:00,2024-11-30T23:20:00,0.7094448449891853,0.7116077865897621,0.7007930785868781,0.7065609228550829,1732976699769,6540775630.147032,6677675.51271207,5,Upbit
DOGE/USDT,2024-11-30T14:20:00,2024-11-30T23:20:00,0.4226387887527037,0.42357606344628695,0.42242249459264597,0.42321557317952413,1732976699409,1748070337.9747946,2979944.35784809,5,Upbit
HPO/USDT,2024-11-30T14:20:00,2024-11-30T23:20:00,0.0798846431146359,0.08010093727469358,0.07974044700793079,0.07981254506128335,1732976694248,75189851.15258262,678102.30099422,5,Upbit
PUNDIX/USDT,2024-11-30T14:20:00,2024-11-30T23:20:00,0.6089401586157174,0.6089401586157174,0.6065609228550829,0.6088680605623649,1732976682743,33185682.0477755,39421.76152686,5,Upbit
STRIKE/USDT,2024-11-30T14:20:00,2024-11-30T23:20:00,10.187454938716655,10.187454938716655,10.151405912040374,10.15861571737563,1732976696395,27676081.7233331,1962.21127304,5,Upbit
FLOW/USDT,2024-11-30T14:20:00,2024-11-30T23:20:00,0.9978370583994232,1.0,0.9935111751982696,0.9942321557317952,1732976694645,73535621.66106792,53271.12965296,5,Upbit
AXS/USDT,2024-11-30T14:20:00,2024-11-30T23:20:00,8.262436914203317,8.276856524873828,8.233597692862293,8.269646719538573,1732976699150,147911853.4228555,12913.4948044,5,Upbit
STX/USDT,2024-11-30T14:20:00,2024-11-30T23:20:00,2.307858687815429,2.3121845710165827,2.3071377072819033,2.311463590483057,1732976698803,191979832.69210514,59925.67212198,5,Upbit
XEC/USDT,2024-11-30T14:20:00,2024-11-30T23:20:00,4.9560201874549385e-05,4.9560201874549385e-05,4.9538572458543614e-05,4.9560201874549385e-05,1732976694890,51107369.22407403,743657025.4140748,5,Upbit
SOL/USDT,2024-11-30T14:20:00,2024-11-30T23:20:00,241.56452775775054,241.6005767844268,241.16798846431146,241.34823359769285,1732976695993,502783223.570046,1501.90077555,5,Upbit
POL/USDT,2024-11-30T14:20:00,2024-11-30T23:20:00,0.5940879596250901,0.5948089401586157,0.5926459985580389,0.5926459985580389,1732976699821,88932510.22656149,108068.03300772,5,Upbit
AAVE/USDT,2024-11-30T14:20:00,2024-11-30T23:20:00,209.73323720259552,209.9495313626532,209.33669790915644,209.9495313626532,1732976694636,42946933.329635,147.71470963,5,Upbit
1INCH/USDT,2024-11-30T14:20:00,2024-11-30T23:20:00,0.4396539293439077,0.44102379235760636,0.4396539293439077,0.44044700793078584,1732976697318,41021070.51390881,67214.47873325,5,Upbit
ALGO/USDT,2024-11-30T14:20:00,2024-11-30T23:20:00,0.44772891131939435,0.45061283345349673,0.44700793078586876,0.44772891131939435,1732976699150,961386415.9412558,1545315.70256451,5,Upbit
NEAR/USDT,2024-11-30T14:20:00,2024-11-30T23:20:00,7.037490987743331,7.04758471521269,7.035328046142754,7.04758471521269,1732976697499,229560008.8250602,23503.16076177,5,Upbit
AVAX/USDT,2024-11-30T14:20:00,2024-11-30T23:20:00,45.78226387887527,46.012977649603464,45.78226387887527,45.91204037490988,1732976694749,404663348.065479,6348.85152695,5,Upbit
T/USDT,2024-11-30T14:20:00,2024-11-30T23:20:00,0.03362653208363374,0.03367700072098053,0.03361211247296323,0.03364095169430425,1732976697822,16309462.41034593,349566.58297192,5,Upbit
CELO/USDT,2024-11-30T14:20:00,2024-11-30T23:20:00,0.9264599855803893,0.9286229271809661,0.9242970439798125,0.9257390050468637,1732976698691,63282417.3327985,49240.27609163,5,Upbit
GMT/USDT,2024-11-30T14:20:00,2024-11-30T23:20:00,0.22826243691420334,0.22833453496755587,0.22746935832732515,0.22811824080749818,1732976680512,44330235.26584644,140291.59318459,5,Upbit
APT/USDT,2024-11-30T14:20:00,2024-11-30T23:20:00,13.121845710165825,13.157894736842104,13.121845710165825,13.129055515501081,1732976689936,74554269.481763,4089.92004671,5,Upbit
SHIB/USDT,2024-11-30T14:20:00,2024-11-30T23:20:00,2.6878154289834173e-05,2.692862292718097e-05,2.6856524873828406e-05,2.6914203316510455e-05,1732976697266,551853617.7566868,14793148950.64484,5,Upbit
MASK/USDT,2024-11-30T14:20:00,2024-11-30T23:20:00,3.7015140591204037,3.7094448449891853,3.6986301369863015,3.7058399423215573,1732976686346,26082748.57486888,5078.68552519,5,Upbit
ARB/USDT,2024-11-30T14:20:00,2024-11-30T23:20:00,0.969718817591925,0.9711607786589762,0.9689978370583994,0.9689978370583994,1732976699835,190764859.85137793,141871.77119136,5,Upbit
SUI/USDT,2024-11-30T14:20:00,2024-11-30T23:20:00,3.451333813987022,3.4563806777217017,3.4477289113193943,3.4563806777217017,1732976699021,179193493.92738405,37427.7441411,5,Upbit
EGLD/USDT,2024-11-30T14:20:00,2024-11-30T23:20:00,41.64383561643836,41.79524152847873,41.6366258111031,41.708723864455656,1732976698581,8853261.7681283,152.84465979,5,Upbit
GRT/USDT,2024-11-30T14:20:00,2024-11-30T23:20:00,0.2898341744772891,0.2905551550108147,0.2883922134102379,0.2898341744772891,1732976694211,168455631.51783764,420054.09664876,5,Upbit
IMX/USDT,2024-11-30T14:20:00,2024-11-30T23:20:00,1.9985580389329487,2.0043258832011537,1.9949531362653208,2.003604902667628,1732976689605,68550062.86127806,24727.24034533,5,Upbit
BLUR/USDT,2024-11-30T14:20:00,2024-11-30T23:20:00,0.361211247296323,0.36265320836337417,0.3583273251622206,0.3604902667627974,1732976692156,447975954.6353638,895954.22449082,5,Upbit
MINA/USDT,2024-11-30T14:20:00,2024-11-30T23:20:00,0.8680605623648161,0.8702235039653929,0.8644556596971882,0.8666186012977649,1732976697518,100204540.02383825,83275.00013647,5,Upbit
SEI/USDT,2024-11-30T14:20:00,2024-11-30T23:20:00,0.6741167988464312,0.6762797404470079,0.6733958183129055,0.6762797404470079,1732976698267,352487363.49804413,376322.73767594,5,Upbit
ID/USDT,2024-11-30T14:20:00,2024-11-30T23:20:00,0.5870223503965393,0.5870223503965393,0.5851478010093728,0.585940879596251,1732976684151,60286842.90840379,74196.55704313,5,Upbit
CTC/USDT,2024-11-30T14:20:00,2024-11-30T23:20:00,0.9935111751982696,0.9971160778658976,0.992790194664744,0.992790194664744,1732976683855,26954897.28614873,19555.36600549,5,Upbit
ASTR/USDT,2024-11-30T14:20:00,2024-11-30T23:20:00,0.08147080028839221,0.08147080028839221,0.08118240807498198,0.08125450612833454,1732976662838,21470313.21521868,190392.36595729,5,Upbit
PYTH/USDT,2024-11-30T14:20:00,2024-11-30T23:20:00,0.49048305695746214,0.491492429704398,0.48904109589041095,0.49033886085075706,1732976694428,89843794.06853005,132118.64277217,5,Upbit
MNT/USDT,2024-11-30T14:20:00,2024-11-30T23:20:00,0.9069935111751982,0.9098774333093006,0.9069935111751982,0.9098774333093006,1732976698389,9932206.79734494,7886.66360239,5,Upbit
AKT/USDT,2024-11-30T14:20:00,2024-11-30T23:20:00,4.214852198990627,4.217736121124729,4.214131218457101,4.217736121124729,1732976656875,19726657.13805025,3373.19653358,5,Upbit
ONDO/USDT,2024-11-30T14:20:00,2024-11-30T23:20:00,1.2559480894015862,1.263157894736842,1.2530641672674838,1.2573900504686373,1732976695481,368702442.25631696,211132.65003686,5,Upbit
AUCTION/USDT,2024-11-30T14:20:00,2024-11-30T23:20:00,17.036770007209807,17.087238644556596,17.02956020187455,17.087238644556596,1732976694008,54150080.0319772,2288.42466115,5,Upbit
ZRO/USDT,2024-11-30T14:20:00,2024-11-30T23:20:00,4.86733958183129,4.873107426099495,4.863013698630137,4.873107426099495,1732976698748,33194703.78754241,4916.88439971,5,Upbit
STG/USDT,2024-11-30T14:20:00,2024-11-30T23:20:00,0.40591204037490985,0.40663302090843545,0.40447007930785867,0.40519105984138426,1732976695720,49573671.9855802,88132.81522162,5,Upbit
ZETA/USDT,2024-11-30T14:20:00,2024-11-30T23:20:00,0.8334534967555876,0.8334534967555876,0.829127613554434,0.8334534967555876,1732976695070,161561987.1526881,140057.04167823,5,Upbit
BEAM/USDT,2024-11-30T14:20:00,2024-11-30T23:20:00,0.02624369142033165,0.026488824801730353,0.026236481614996397,0.026272530641672672,1732976682684,26188409.50739642,714302.72381465,5,Upbit
BLAST/USDT,2024-11-30T14:20:00,2024-11-30T23:20:00,0.012516222062004326,0.012530641672674836,0.012509012256669071,0.012523431867339582,1732976699308,19721187.92842721,1135449.4127464,5,Upbit
TAIKO/USDT,2024-11-30T14:20:00,2024-11-30T23:20:00,2.1715933669790917,2.183129055515501,2.1679884643114637,2.1788031723143475,1732976697679,293345015.699142,97253.09440348,5,Upbit
JUP/USDT,2024-11-30T14:20:00,2024-11-30T23:20:00,1.1701514059120404,1.170872386445566,1.1679884643114635,1.1701514059120404,1732976699783,121473769.38822734,74867.7797143,5,Upbit
ENS/USDT,2024-11-30T14:20:00,2024-11-30T23:20:00,44.080749819754864,44.24657534246575,43.74909877433309,44.239365537130496,1732976699716,6478233888.606475,106069.79932436,5,Upbit
PENDLE/USDT,2024-11-30T14:20:00,2024-11-30T23:20:00,5.731795241528479,5.732516222062005,5.694304253785147,5.710886806056236,1732976681523,42668505.42693821,5384.02118671,5,Upbit
UXLINK/USDT,2024-11-30T14:20:00,2024-11-30T23:20:00,0.6658976207642394,0.6667627974044701,0.6658255227108868,0.6662581110310022,1732976698246,191572124.60261983,207316.33863971,5,Upbit
BIGTIME/USDT,2024-11-30T14:20:00,2024-11-30T23:20:00,0.16950252343186734,0.16979091564527757,0.16928622927180967,0.16979091564527757,1732976689766,45150886.87171777,191990.0112336,5,Upbit
USDC/USDT,2024-11-30T14:20:00,2024-11-30T23:20:00,1.0,1.0,1.0,1.0,1732976524931,189506.4021103,136.6304269,5,Upbit
G/USDT,2024-11-30T14:20:00,2024-11-30T23:20:00,0.03862292718096611,0.03863013698630137,0.0385436193222783,0.0386085075702956,1732976680783,139108951.72970533,2600171.59386181,5,Upbit
ATH/USDT,2024-11-30T14:20:00,2024-11-30T23:20:00,0.06712328767123288,0.06768565248738284,0.06712328767123288,0.06768565248738284,1732976699171,82427969.38687608,881200.08055247,5,Upbit
CARV/USDT,2024-11-30T14:20:00,2024-11-30T23:20:00,1.010814708002884,1.0115356885364095,1.0100937274693584,1.010814708002884,1732976699903,34476573.13316246,24587.77195848,5,Upbit
CKB/USDT,2024-11-30T14:20:00,2024-11-30T23:20:00,0.016380677721701514,0.01640951694304254,0.01632299927901947,0.016330209084354723,1732976699875,70936266.29748654,3122811.40837536,5,Upbit
W/USDT,2024-11-30T14:20:00,2024-11-30T23:20:00,0.31571737563085794,0.31593366979091564,0.3153568853640952,0.3157894736842105,1732976595087,16680242.36218902,38076.77282291,5,Upbit
INJ/USDT,2024-11-30T14:20:00,2024-11-30T23:20:00,30.20908435472242,30.223503965392933,30.151405912040374,30.19466474405191,1732976645008,24875797.0628479,594.52829211,5,Upbit
MEW/USDT,2024-11-30T14:20:00,2024-11-30T23:20:00,0.009480894015861573,0.009488103821196827,0.00946647440519106,0.009480894015861573,1732976699194,191652237.59342062,14576547.0134387,5,Upbit
UNI/USDT,2024-11-30T14:20:00,2024-11-30T23:20:00,12.891131939437635,12.912761355443402,12.855082912761356,12.912761355443402,1732976695119,25413670.6949851,1421.29194603,5,Upbit
BONK/USDT,2024-11-30T14:20:00,2024-11-30T23:20:00,4.5515501081470804e-05,4.5544340302811825e-05,4.548666186012977e-05,4.548666186012977e-05,1732976698904,54347370.2064154,860717076.4530193,5,Upbit
AGLD/USDT,2024-11-30T14:20:00,2024-11-30T23:20:00,1.532083633741889,1.5328046142754146,1.5291997116077867,1.5291997116077867,1732976682120,44105967.53654393,20775.70374965,5,Upbit
PEPE/USDT,2024-11-30T14:20:00,2024-11-30T23:20:00,2.044700793078587e-05,2.0468637346791637e-05,2.043258832011536e-05,2.0454217736121123e-05,1732976692700,57442821.02669903,2024648882.661509,5,Upbit
DRIFT/USDT,2024-11-30T14:20:00,2024-11-30T23:20:00,1.3871665465032443,1.3922134102379236,1.3864455659697188,1.3893294881038212,1732976697819,46738927.71134968,24267.26843685,5,Upbit
SAFE/USDT,2024-11-30T14:20:00,2024-11-30T23:20:00,1.1874549387166546,1.1917808219178083,1.186733958183129,1.1917808219178083,1732976645262,67997861.43792696,41249.41840187,5,Upbit
